0.000; 0.000
0.001; 0.000
0.002; 0.000
0.003; 0.000
0.004; 0.000
0.005; 0.000
0.006; 0.000
0.007; 0.000
0.008; 0.000
0.009; 0.000
0.010; 0.000
0.011; 0.000
0.012; 0.000
0.013; 0.000
0.014; 0.000
0.015; 0.000
0.016; 0.000
0.017; 0.000
0.018; 0.000
0.019; 0.000
0.020; 0.000
0.021; 0.000
0.022; 0.000
0.023; 0.000
0.024; 0.000
0.025; 0.000
0.026; 0.000
0.027; 0.000
0.028; 0.000
0.029; 0.000
0.030; 0.000
0.031; 0.000
0.032; 0.000
0.033; 0.000
0.034; 0.000
0.035; 0.000
0.036; 0.000
0.037; 0.000
0.038; 0.000
0.039; 0.000
0.040; 0.000
0.041; 0.000
0.042; 0.000
0.043; 0.000
0.044; 0.000
0.045; 0.000
0.046; 0.000
0.047; 0.000
0.048; 0.000
0.049; 0.000
0.050; 0.000
0.051; 0.000
0.052; 0.000
0.053; 0.000
0.054; 0.000
0.055; 0.000
0.056; 0.000
0.057; 0.000
0.058; 0.000
0.059; 0.000
0.060; 0.000
0.061; 0.000
0.062; 0.000
0.063; 0.000
0.064; 0.000
0.065; 0.000
0.066; 0.000
0.067; 0.000
0.068; 0.000
0.069; 0.000
0.070; 0.000
0.071; 0.000
0.072; 0.000
0.073; 0.000
0.074; 0.000
0.075; 0.000
0.076; 0.000
0.077; 0.000
0.078; 0.000
0.079; 0.000
0.080; 0.000
0.081; 0.000
0.082; 0.000
0.083; 0.000
0.084; 0.000
0.085; 0.000
0.086; 0.000
0.087; 0.000
0.088; 0.000
0.089; 0.000
0.090; 0.000
0.091; 0.000
0.092; 0.000
0.093; 0.000
0.094; 0.000
0.095; 0.000
0.096; 0.000
0.097; 0.000
0.098; 0.000
0.099; 0.000
0.100; 0.000
0.101; 0.000
0.102; 0.000
0.103; 0.000
0.104; 0.000
0.105; 0.000
0.106; 0.000
0.107; 0.000
0.108; 0.000
0.109; 0.000
0.110; 0.000
0.111; 0.000
0.112; 0.000
0.113; 0.000
0.114; 0.000
0.115; 0.000
0.116; 0.000
0.117; 0.000
0.118; 0.000
0.119; 0.000
0.120; 0.000
0.121; 0.000
0.122; 0.000
0.123; 0.000
0.124; 0.000
0.125; 0.000
0.126; 0.000
0.127; 0.000
0.128; 0.000
0.129; 0.000
0.130; 0.000
0.131; 0.000
0.132; 0.000
0.133; 0.000
0.134; 0.000
0.135; 0.000
0.136; 0.000
0.137; 0.000
0.138; 0.000
0.139; 0.000
0.140; 0.000
0.141; 0.000
0.142; 0.000
0.143; 0.000
0.144; 0.000
0.145; 0.000
0.146; 0.000
0.147; 0.000
0.148; 0.000
0.149; 0.000
0.150; 0.000
0.151; 0.000
0.152; 0.000
0.153; 0.000
0.154; 0.000
0.155; 0.000
0.156; 0.000
0.157; 0.000
0.158; 0.000
0.159; 0.000
0.160; 0.000
0.161; 0.000
0.162; 0.000
0.163; 0.000
0.164; 0.000
0.165; 0.000
0.166; 0.000
0.167; 0.000
0.168; 0.000
0.169; 0.000
0.170; 0.000
0.171; 0.000
0.172; 0.000
0.173; 0.000
0.174; 0.000
0.175; 0.000
0.176; 0.000
0.177; 0.000
0.178; 0.000
0.179; 0.000
0.180; 0.000
0.181; 0.000
0.182; 0.001
0.183; 0.001
0.184; 0.001
0.185; 0.001
0.186; 0.001
0.187; 0.001
0.188; 0.001
0.189; 0.001
0.190; 0.001
0.191; 0.001
0.192; 0.001
0.193; 0.001
0.194; 0.001
0.195; 0.001
0.196; 0.001
0.197; 0.001
0.198; 0.001
0.199; 0.001
0.200; 0.001
0.201; 0.001
0.202; 0.001
0.203; 0.001
0.204; 0.001
0.205; 0.001
0.206; 0.001
0.207; 0.001
0.208; 0.001
0.209; 0.001
0.210; 0.001
0.211; 0.001
0.212; 0.001
0.213; 0.001
0.214; 0.001
0.215; 0.001
0.216; 0.001
0.217; 0.001
0.218; 0.001
0.219; 0.001
0.220; 0.001
0.221; 0.001
0.222; 0.001
0.223; 0.001
0.224; 0.001
0.225; 0.001
0.226; 0.001
0.227; 0.001
0.228; 0.001
0.229; 0.001
0.230; 0.001
0.231; 0.001
0.232; 0.001
0.233; 0.001
0.234; 0.001
0.235; 0.001
0.236; 0.001
0.237; 0.001
0.238; 0.001
0.239; 0.001
0.240; 0.001
0.241; 0.001
0.242; 0.001
0.243; 0.001
0.244; 0.001
0.245; 0.001
0.246; 0.001
0.247; 0.001
0.248; 0.001
0.249; 0.001
0.250; 0.001
0.251; 0.001
0.252; 0.001
0.253; 0.001
0.254; 0.001
0.255; 0.001
0.256; 0.001
0.257; 0.001
0.258; 0.001
0.259; 0.001
0.260; 0.001
0.261; 0.001
0.262; 0.001
0.263; 0.002
0.264; 0.002
0.265; 0.002
0.266; 0.002
0.267; 0.002
0.268; 0.002
0.269; 0.002
0.270; 0.002
0.271; 0.002
0.272; 0.002
0.273; 0.002
0.274; 0.002
0.275; 0.002
0.276; 0.002
0.277; 0.002
0.278; 0.002
0.279; 0.002
0.280; 0.002
0.281; 0.002
0.282; 0.002
0.283; 0.002
0.284; 0.002
0.285; 0.002
0.286; 0.002
0.287; 0.002
0.288; 0.002
0.289; 0.002
0.290; 0.002
0.291; 0.002
0.292; 0.002
0.293; 0.002
0.294; 0.002
0.295; 0.002
0.296; 0.002
0.297; 0.002
0.298; 0.002
0.299; 0.002
0.300; 0.002
0.301; 0.002
0.302; 0.002
0.303; 0.002
0.304; 0.002
0.305; 0.002
0.306; 0.002
0.307; 0.002
0.308; 0.002
0.309; 0.002
0.310; 0.002
0.311; 0.003
0.312; 0.003
0.313; 0.003
0.314; 0.003
0.315; 0.003
0.316; 0.003
0.317; 0.003
0.318; 0.003
0.319; 0.003
0.320; 0.003
0.321; 0.003
0.322; 0.003
0.323; 0.003
0.324; 0.003
0.325; 0.003
0.326; 0.003
0.327; 0.003
0.328; 0.003
0.329; 0.003
0.330; 0.003
0.331; 0.003
0.332; 0.003
0.333; 0.003
0.334; 0.003
0.335; 0.003
0.336; 0.003
0.337; 0.003
0.338; 0.003
0.339; 0.003
0.340; 0.003
0.341; 0.003
0.342; 0.003
0.343; 0.003
0.344; 0.003
0.345; 0.003
0.346; 0.003
0.347; 0.003
0.348; 0.004
0.349; 0.004
0.350; 0.004
0.351; 0.004
0.352; 0.004
0.353; 0.004
0.354; 0.004
0.355; 0.004
0.356; 0.004
0.357; 0.004
0.358; 0.004
0.359; 0.004
0.360; 0.004
0.361; 0.004
0.362; 0.004
0.363; 0.004
0.364; 0.004
0.365; 0.004
0.366; 0.004
0.367; 0.004
0.368; 0.004
0.369; 0.004
0.370; 0.004
0.371; 0.004
0.372; 0.004
0.373; 0.004
0.374; 0.004
0.375; 0.004
0.376; 0.004
0.377; 0.004
0.378; 0.005
0.379; 0.005
0.380; 0.005
0.381; 0.005
0.382; 0.005
0.383; 0.005
0.384; 0.005
0.385; 0.005
0.386; 0.005
0.387; 0.005
0.388; 0.005
0.389; 0.005
0.390; 0.005
0.391; 0.005
0.392; 0.005
0.393; 0.005
0.394; 0.005
0.395; 0.005
0.396; 0.005
0.397; 0.005
0.398; 0.005
0.399; 0.005
0.400; 0.005
0.401; 0.005
0.402; 0.005
0.403; 0.005
0.404; 0.005
0.405; 0.006
0.406; 0.006
0.407; 0.006
0.408; 0.006
0.409; 0.006
0.410; 0.006
0.411; 0.006
0.412; 0.006
0.413; 0.006
0.414; 0.006
0.415; 0.006
0.416; 0.006
0.417; 0.006
0.418; 0.006
0.419; 0.006
0.420; 0.006
0.421; 0.006
0.422; 0.006
0.423; 0.006
0.424; 0.006
0.425; 0.006
0.426; 0.006
0.427; 0.006
0.428; 0.007
0.429; 0.007
0.430; 0.007
0.431; 0.007
0.432; 0.007
0.433; 0.007
0.434; 0.007
0.435; 0.007
0.436; 0.007
0.437; 0.007
0.438; 0.007
0.439; 0.007
0.440; 0.007
0.441; 0.007
0.442; 0.007
0.443; 0.007
0.444; 0.007
0.445; 0.007
0.446; 0.007
0.447; 0.007
0.448; 0.007
0.449; 0.008
0.450; 0.008
0.451; 0.008
0.452; 0.008
0.453; 0.008
0.454; 0.008
0.455; 0.008
0.456; 0.008
0.457; 0.008
0.458; 0.008
0.459; 0.008
0.460; 0.008
0.461; 0.008
0.462; 0.008
0.463; 0.008
0.464; 0.008
0.465; 0.008
0.466; 0.008
0.467; 0.008
0.468; 0.009
0.469; 0.009
0.470; 0.009
0.471; 0.009
0.472; 0.009
0.473; 0.009
0.474; 0.009
0.475; 0.009
0.476; 0.009
0.477; 0.009
0.478; 0.009
0.479; 0.009
0.480; 0.009
0.481; 0.009
0.482; 0.009
0.483; 0.009
0.484; 0.009
0.485; 0.010
0.486; 0.010
0.487; 0.010
0.488; 0.010
0.489; 0.010
0.490; 0.010
0.491; 0.010
0.492; 0.010
0.493; 0.010
0.494; 0.010
0.495; 0.010
0.496; 0.010
0.497; 0.010
0.498; 0.010
0.499; 0.010
0.500; 0.010
0.501; 0.010
0.502; 0.011
0.503; 0.011
0.504; 0.011
0.505; 0.011
0.506; 0.011
0.507; 0.011
0.508; 0.011
0.509; 0.011
0.510; 0.011
0.511; 0.011
0.512; 0.011
0.513; 0.011
0.514; 0.011
0.515; 0.011
0.516; 0.011
0.517; 0.012
0.518; 0.012
0.519; 0.012
0.520; 0.012
0.521; 0.012
0.522; 0.012
0.523; 0.012
0.524; 0.012
0.525; 0.012
0.526; 0.012
0.527; 0.012
0.528; 0.012
0.529; 0.012
0.530; 0.012
0.531; 0.012
0.532; 0.013
0.533; 0.013
0.534; 0.013
0.535; 0.013
0.536; 0.013
0.537; 0.013
0.538; 0.013
0.539; 0.013
0.540; 0.013
0.541; 0.013
0.542; 0.013
0.543; 0.013
0.544; 0.013
0.545; 0.013
0.546; 0.014
0.547; 0.014
0.548; 0.014
0.549; 0.014
0.550; 0.014
0.551; 0.014
0.552; 0.014
0.553; 0.014
0.554; 0.014
0.555; 0.014
0.556; 0.014
0.557; 0.014
0.558; 0.014
0.559; 0.015
0.560; 0.015
0.561; 0.015
0.562; 0.015
0.563; 0.015
0.564; 0.015
0.565; 0.015
0.566; 0.015
0.567; 0.015
0.568; 0.015
0.569; 0.015
0.570; 0.015
0.571; 0.016
0.572; 0.016
0.573; 0.016
0.574; 0.016
0.575; 0.016
0.576; 0.016
0.577; 0.016
0.578; 0.016
0.579; 0.016
0.580; 0.016
0.581; 0.016
0.582; 0.016
0.583; 0.017
0.584; 0.017
0.585; 0.017
0.586; 0.017
0.587; 0.017
0.588; 0.017
0.589; 0.017
0.590; 0.017
0.591; 0.017
0.592; 0.017
0.593; 0.017
0.594; 0.017
0.595; 0.018
0.596; 0.018
0.597; 0.018
0.598; 0.018
0.599; 0.018
0.600; 0.018
0.601; 0.018
0.602; 0.018
0.603; 0.018
0.604; 0.018
0.605; 0.018
0.606; 0.019
0.607; 0.019
0.608; 0.019
0.609; 0.019
0.610; 0.019
0.611; 0.019
0.612; 0.019
0.613; 0.019
0.614; 0.019
0.615; 0.019
0.616; 0.019
0.617; 0.020
0.618; 0.020
0.619; 0.020
0.620; 0.020
0.621; 0.020
0.622; 0.020
0.623; 0.020
0.624; 0.020
0.625; 0.020
0.626; 0.020
0.627; 0.021
0.628; 0.021
0.629; 0.021
0.630; 0.021
0.631; 0.021
0.632; 0.021
0.633; 0.021
0.634; 0.021
0.635; 0.021
0.636; 0.021
0.637; 0.022
0.638; 0.022
0.639; 0.022
0.640; 0.022
0.641; 0.022
0.642; 0.022
0.643; 0.022
0.644; 0.022
0.645; 0.022
0.646; 0.022
0.647; 0.023
0.648; 0.023
0.649; 0.023
0.650; 0.023
0.651; 0.023
0.652; 0.023
0.653; 0.023
0.654; 0.023
0.655; 0.023
0.656; 0.024
0.657; 0.024
0.658; 0.024
0.659; 0.024
0.660; 0.024
0.661; 0.024
0.662; 0.024
0.663; 0.024
0.664; 0.024
0.665; 0.025
0.666; 0.025
0.667; 0.025
0.668; 0.025
0.669; 0.025
0.670; 0.025
0.671; 0.025
0.672; 0.025
0.673; 0.025
0.674; 0.026
0.675; 0.026
0.676; 0.026
0.677; 0.026
0.678; 0.026
0.679; 0.026
0.680; 0.026
0.681; 0.026
0.682; 0.026
0.683; 0.027
0.684; 0.027
0.685; 0.027
0.686; 0.027
0.687; 0.027
0.688; 0.027
0.689; 0.027
0.690; 0.027
0.691; 0.027
0.692; 0.028
0.693; 0.028
0.694; 0.028
0.695; 0.028
0.696; 0.028
0.697; 0.028
0.698; 0.028
0.699; 0.028
0.700; 0.029
0.701; 0.029
0.702; 0.029
0.703; 0.029
0.704; 0.029
0.705; 0.029
0.706; 0.029
0.707; 0.029
0.708; 0.030
0.709; 0.030
0.710; 0.030
0.711; 0.030
0.712; 0.030
0.713; 0.030
0.714; 0.030
0.715; 0.030
0.716; 0.031
0.717; 0.031
0.718; 0.031
0.719; 0.031
0.720; 0.031
0.721; 0.031
0.722; 0.031
0.723; 0.031
0.724; 0.032
0.725; 0.032
0.726; 0.032
0.727; 0.032
0.728; 0.032
0.729; 0.032
0.730; 0.032
0.731; 0.033
0.732; 0.033
0.733; 0.033
0.734; 0.033
0.735; 0.033
0.736; 0.033
0.737; 0.033
0.738; 0.033
0.739; 0.034
0.740; 0.034
0.741; 0.034
0.742; 0.034
0.743; 0.034
0.744; 0.034
0.745; 0.034
0.746; 0.035
0.747; 0.035
0.748; 0.035
0.749; 0.035
0.750; 0.035
0.751; 0.035
0.752; 0.035
0.753; 0.036
0.754; 0.036
0.755; 0.036
0.756; 0.036
0.757; 0.036
0.758; 0.036
0.759; 0.036
0.760; 0.037
0.761; 0.037
0.762; 0.037
0.763; 0.037
0.764; 0.037
0.765; 0.037
0.766; 0.037
0.767; 0.038
0.768; 0.038
0.769; 0.038
0.770; 0.038
0.771; 0.038
0.772; 0.038
0.773; 0.038
0.774; 0.039
0.775; 0.039
0.776; 0.039
0.777; 0.039
0.778; 0.039
0.779; 0.039
0.780; 0.040
0.781; 0.040
0.782; 0.040
0.783; 0.040
0.784; 0.040
0.785; 0.040
0.786; 0.040
0.787; 0.041
0.788; 0.041
0.789; 0.041
0.790; 0.041
0.791; 0.041
0.792; 0.041
0.793; 0.042
0.794; 0.042
0.795; 0.042
0.796; 0.042
0.797; 0.042
0.798; 0.042
0.799; 0.043
0.800; 0.043
0.801; 0.043
0.802; 0.043
0.803; 0.043
0.804; 0.043
0.805; 0.043
0.806; 0.044
0.807; 0.044
0.808; 0.044
0.809; 0.044
0.810; 0.044
0.811; 0.044
0.812; 0.045
0.813; 0.045
0.814; 0.045
0.815; 0.045
0.816; 0.045
0.817; 0.045
0.818; 0.046
0.819; 0.046
0.820; 0.046
0.821; 0.046
0.822; 0.046
0.823; 0.046
0.824; 0.047
0.825; 0.047
0.826; 0.047
0.827; 0.047
0.828; 0.047
0.829; 0.047
0.830; 0.048
0.831; 0.048
0.832; 0.048
0.833; 0.048
0.834; 0.048
0.835; 0.049
0.836; 0.049
0.837; 0.049
0.838; 0.049
0.839; 0.049
0.840; 0.049
0.841; 0.050
0.842; 0.050
0.843; 0.050
0.844; 0.050
0.845; 0.050
0.846; 0.050
0.847; 0.051
0.848; 0.051
0.849; 0.051
0.850; 0.051
0.851; 0.051
0.852; 0.052
0.853; 0.052
0.854; 0.052
0.855; 0.052
0.856; 0.052
0.857; 0.052
0.858; 0.053
0.859; 0.053
0.860; 0.053
0.861; 0.053
0.862; 0.053
0.863; 0.054
0.864; 0.054
0.865; 0.054
0.866; 0.054
0.867; 0.054
0.868; 0.054
0.869; 0.055
0.870; 0.055
0.871; 0.055
0.872; 0.055
0.873; 0.055
0.874; 0.056
0.875; 0.056
0.876; 0.056
0.877; 0.056
0.878; 0.056
0.879; 0.057
0.880; 0.057
0.881; 0.057
0.882; 0.057
0.883; 0.057
0.884; 0.058
0.885; 0.058
0.886; 0.058
0.887; 0.058
0.888; 0.058
0.889; 0.059
0.890; 0.059
0.891; 0.059
0.892; 0.059
0.893; 0.059
0.894; 0.060
0.895; 0.060
0.896; 0.060
0.897; 0.060
0.898; 0.060
0.899; 0.061
0.900; 0.061
0.901; 0.061
0.902; 0.061
0.903; 0.061
0.904; 0.062
0.905; 0.062
0.906; 0.062
0.907; 0.062
0.908; 0.062
0.909; 0.063
0.910; 0.063
0.911; 0.063
0.912; 0.063
0.913; 0.063
0.914; 0.064
0.915; 0.064
0.916; 0.064
0.917; 0.064
0.918; 0.064
0.919; 0.065
0.920; 0.065
0.921; 0.065
0.922; 0.065
0.923; 0.066
0.924; 0.066
0.925; 0.066
0.926; 0.066
0.927; 0.066
0.928; 0.067
0.929; 0.067
0.930; 0.067
0.931; 0.067
0.932; 0.067
0.933; 0.068
0.934; 0.068
0.935; 0.068
0.936; 0.068
0.937; 0.069
0.938; 0.069
0.939; 0.069
0.940; 0.069
0.941; 0.069
0.942; 0.070
0.943; 0.070
0.944; 0.070
0.945; 0.070
0.946; 0.071
0.947; 0.071
0.948; 0.071
0.949; 0.071
0.950; 0.071
0.951; 0.072
0.952; 0.072
0.953; 0.072
0.954; 0.072
0.955; 0.073
0.956; 0.073
0.957; 0.073
0.958; 0.073
0.959; 0.073
0.960; 0.074
0.961; 0.074
0.962; 0.074
0.963; 0.074
0.964; 0.075
0.965; 0.075
0.966; 0.075
0.967; 0.075
0.968; 0.076
0.969; 0.076
0.970; 0.076
0.971; 0.076
0.972; 0.077
0.973; 0.077
0.974; 0.077
0.975; 0.077
0.976; 0.077
0.977; 0.078
0.978; 0.078
0.979; 0.078
0.980; 0.078
0.981; 0.079
0.982; 0.079
0.983; 0.079
0.984; 0.079
0.985; 0.080
0.986; 0.080
0.987; 0.080
0.988; 0.080
0.989; 0.081
0.990; 0.081
0.991; 0.081
0.992; 0.081
0.993; 0.082
0.994; 0.082
0.995; 0.082
0.996; 0.082
0.997; 0.083
0.998; 0.083
0.999; 0.083
1.000; 0.083
1.001; 0.084
1.002; 0.084
1.003; 0.084
1.004; 0.084
1.005; 0.085
1.006; 0.085
1.007; 0.085
1.008; 0.085
1.009; 0.086
1.010; 0.086
1.011; 0.086
1.012; 0.086
1.013; 0.087
1.014; 0.087
1.015; 0.087
1.016; 0.087
1.017; 0.088
1.018; 0.088
1.019; 0.088
1.020; 0.088
1.021; 0.089
1.022; 0.089
1.023; 0.089
1.024; 0.089
1.025; 0.090
1.026; 0.090
1.027; 0.090
1.028; 0.091
1.029; 0.091
1.030; 0.091
1.031; 0.091
1.032; 0.092
1.033; 0.092
1.034; 0.092
1.035; 0.092
1.036; 0.093
1.037; 0.093
1.038; 0.093
1.039; 0.093
1.040; 0.094
1.041; 0.094
1.042; 0.094
1.043; 0.095
1.044; 0.095
1.045; 0.095
1.046; 0.095
1.047; 0.096
1.048; 0.096
1.049; 0.096
1.050; 0.096
1.051; 0.097
1.052; 0.097
1.053; 0.097
1.054; 0.098
1.055; 0.098
1.056; 0.098
1.057; 0.098
1.058; 0.099
1.059; 0.099
1.060; 0.099
1.061; 0.099
1.062; 0.100
1.063; 0.100
1.064; 0.100
1.065; 0.101
1.066; 0.101
1.067; 0.101
1.068; 0.101
1.069; 0.102
1.070; 0.102
1.071; 0.102
1.072; 0.103
1.073; 0.103
1.074; 0.103
1.075; 0.103
1.076; 0.104
1.077; 0.104
1.078; 0.104
1.079; 0.105
1.080; 0.105
1.081; 0.105
1.082; 0.105
1.083; 0.106
1.084; 0.106
1.085; 0.106
1.086; 0.107
1.087; 0.107
1.088; 0.107
1.089; 0.108
1.090; 0.108
1.091; 0.108
1.092; 0.108
1.093; 0.109
1.094; 0.109
1.095; 0.109
1.096; 0.110
1.097; 0.110
1.098; 0.110
1.099; 0.110
1.100; 0.111
1.101; 0.111
1.102; 0.111
1.103; 0.112
1.104; 0.112
1.105; 0.112
1.106; 0.113
1.107; 0.113
1.108; 0.113
1.109; 0.113
1.110; 0.114
1.111; 0.114
1.112; 0.114
1.113; 0.115
1.114; 0.115
1.115; 0.115
1.116; 0.116
1.117; 0.116
1.118; 0.116
1.119; 0.116
1.120; 0.117
1.121; 0.117
1.122; 0.117
1.123; 0.118
1.124; 0.118
1.125; 0.118
1.126; 0.119
1.127; 0.119
1.128; 0.119
1.129; 0.120
1.130; 0.120
1.131; 0.120
1.132; 0.120
1.133; 0.121
1.134; 0.121
1.135; 0.121
1.136; 0.122
1.137; 0.122
1.138; 0.122
1.139; 0.123
1.140; 0.123
1.141; 0.123
1.142; 0.124
1.143; 0.124
1.144; 0.124
1.145; 0.125
1.146; 0.125
1.147; 0.125
1.148; 0.126
1.149; 0.126
1.150; 0.126
1.151; 0.126
1.152; 0.127
1.153; 0.127
1.154; 0.127
1.155; 0.128
1.156; 0.128
1.157; 0.128
1.158; 0.129
1.159; 0.129
1.160; 0.129
1.161; 0.130
1.162; 0.130
1.163; 0.130
1.164; 0.131
1.165; 0.131
1.166; 0.131
1.167; 0.132
1.168; 0.132
1.169; 0.132
1.170; 0.133
1.171; 0.133
1.172; 0.133
1.173; 0.134
1.174; 0.134
1.175; 0.134
1.176; 0.135
1.177; 0.135
1.178; 0.135
1.179; 0.136
1.180; 0.136
1.181; 0.136
1.182; 0.137
1.183; 0.137
1.184; 0.137
1.185; 0.138
1.186; 0.138
1.187; 0.138
1.188; 0.139
1.189; 0.139
1.190; 0.139
1.191; 0.140
1.192; 0.140
1.193; 0.140
1.194; 0.141
1.195; 0.141
1.196; 0.141
1.197; 0.142
1.198; 0.142
1.199; 0.142
1.200; 0.143
1.201; 0.143
1.202; 0.143
1.203; 0.144
1.204; 0.144
1.205; 0.144
1.206; 0.145
1.207; 0.145
1.208; 0.145
1.209; 0.146
1.210; 0.146
1.211; 0.146
1.212; 0.147
1.213; 0.147
1.214; 0.147
1.215; 0.148
1.216; 0.148
1.217; 0.149
1.218; 0.149
1.219; 0.149
1.220; 0.150
1.221; 0.150
1.222; 0.150
1.223; 0.151
1.224; 0.151
1.225; 0.151
1.226; 0.152
1.227; 0.152
1.228; 0.152
1.229; 0.153
1.230; 0.153
1.231; 0.153
1.232; 0.154
1.233; 0.154
1.234; 0.154
1.235; 0.155
1.236; 0.155
1.237; 0.156
1.238; 0.156
1.239; 0.156
1.240; 0.157
1.241; 0.157
1.242; 0.157
1.243; 0.158
1.244; 0.158
1.245; 0.158
1.246; 0.159
1.247; 0.159
1.248; 0.159
1.249; 0.160
1.250; 0.160
1.251; 0.161
1.252; 0.161
1.253; 0.161
1.254; 0.162
1.255; 0.162
1.256; 0.162
1.257; 0.163
1.258; 0.163
1.259; 0.163
1.260; 0.164
1.261; 0.164
1.262; 0.164
1.263; 0.165
1.264; 0.165
1.265; 0.166
1.266; 0.166
1.267; 0.166
1.268; 0.167
1.269; 0.167
1.270; 0.167
1.271; 0.168
1.272; 0.168
1.273; 0.169
1.274; 0.169
1.275; 0.169
1.276; 0.170
1.277; 0.170
1.278; 0.170
1.279; 0.171
1.280; 0.171
1.281; 0.171
1.282; 0.172
1.283; 0.172
1.284; 0.173
1.285; 0.173
1.286; 0.173
1.287; 0.174
1.288; 0.174
1.289; 0.174
1.290; 0.175
1.291; 0.175
1.292; 0.176
1.293; 0.176
1.294; 0.176
1.295; 0.177
1.296; 0.177
1.297; 0.177
1.298; 0.178
1.299; 0.178
1.300; 0.179
1.301; 0.179
1.302; 0.179
1.303; 0.180
1.304; 0.180
1.305; 0.180
1.306; 0.181
1.307; 0.181
1.308; 0.182
1.309; 0.182
1.310; 0.182
1.311; 0.183
1.312; 0.183
1.313; 0.184
1.314; 0.184
1.315; 0.184
1.316; 0.185
1.317; 0.185
1.318; 0.185
1.319; 0.186
1.320; 0.186
1.321; 0.187
1.322; 0.187
1.323; 0.187
1.324; 0.188
1.325; 0.188
1.326; 0.189
1.327; 0.189
1.328; 0.189
1.329; 0.190
1.330; 0.190
1.331; 0.190
1.332; 0.191
1.333; 0.191
1.334; 0.192
1.335; 0.192
1.336; 0.192
1.337; 0.193
1.338; 0.193
1.339; 0.194
1.340; 0.194
1.341; 0.194
1.342; 0.195
1.343; 0.195
1.344; 0.196
1.345; 0.196
1.346; 0.196
1.347; 0.197
1.348; 0.197
1.349; 0.197
1.350; 0.198
1.351; 0.198
1.352; 0.199
1.353; 0.199
1.354; 0.199
1.355; 0.200
1.356; 0.200
1.357; 0.201
1.358; 0.201
1.359; 0.201
1.360; 0.202
1.361; 0.202
1.362; 0.203
1.363; 0.203
1.364; 0.203
1.365; 0.204
1.366; 0.204
1.367; 0.205
1.368; 0.205
1.369; 0.205
1.370; 0.206
1.371; 0.206
1.372; 0.207
1.373; 0.207
1.374; 0.207
1.375; 0.208
1.376; 0.208
1.377; 0.209
1.378; 0.209
1.379; 0.209
1.380; 0.210
1.381; 0.210
1.382; 0.211
1.383; 0.211
1.384; 0.211
1.385; 0.212
1.386; 0.212
1.387; 0.213
1.388; 0.213
1.389; 0.214
1.390; 0.214
1.391; 0.214
1.392; 0.215
1.393; 0.215
1.394; 0.216
1.395; 0.216
1.396; 0.216
1.397; 0.217
1.398; 0.217
1.399; 0.218
1.400; 0.218
1.401; 0.218
1.402; 0.219
1.403; 0.219
1.404; 0.220
1.405; 0.220
1.406; 0.220
1.407; 0.221
1.408; 0.221
1.409; 0.222
1.410; 0.222
1.411; 0.223
1.412; 0.223
1.413; 0.223
1.414; 0.224
1.415; 0.224
1.416; 0.225
1.417; 0.225
1.418; 0.225
1.419; 0.226
1.420; 0.226
1.421; 0.227
1.422; 0.227
1.423; 0.228
1.424; 0.228
1.425; 0.228
1.426; 0.229
1.427; 0.229
1.428; 0.230
1.429; 0.230
1.430; 0.230
1.431; 0.231
1.432; 0.231
1.433; 0.232
1.434; 0.232
1.435; 0.233
1.436; 0.233
1.437; 0.233
1.438; 0.234
1.439; 0.234
1.440; 0.235
1.441; 0.235
1.442; 0.235
1.443; 0.236
1.444; 0.236
1.445; 0.237
1.446; 0.237
1.447; 0.238
1.448; 0.238
1.449; 0.238
1.450; 0.239
1.451; 0.239
1.452; 0.240
1.453; 0.240
1.454; 0.241
1.455; 0.241
1.456; 0.241
1.457; 0.242
1.458; 0.242
1.459; 0.243
1.460; 0.243
1.461; 0.244
1.462; 0.244
1.463; 0.244
1.464; 0.245
1.465; 0.245
1.466; 0.246
1.467; 0.246
1.468; 0.247
1.469; 0.247
1.470; 0.247
1.471; 0.248
1.472; 0.248
1.473; 0.249
1.474; 0.249
1.475; 0.250
1.476; 0.250
1.477; 0.250
1.478; 0.251
1.479; 0.251
1.480; 0.252
1.481; 0.252
1.482; 0.253
1.483; 0.253
1.484; 0.253
1.485; 0.254
1.486; 0.254
1.487; 0.255
1.488; 0.255
1.489; 0.256
1.490; 0.256
1.491; 0.256
1.492; 0.257
1.493; 0.257
1.494; 0.258
1.495; 0.258
1.496; 0.259
1.497; 0.259
1.498; 0.260
1.499; 0.260
1.500; 0.260
1.501; 0.261
1.502; 0.261
1.503; 0.262
1.504; 0.262
1.505; 0.263
1.506; 0.263
1.507; 0.263
1.508; 0.264
1.509; 0.264
1.510; 0.265
1.511; 0.265
1.512; 0.266
1.513; 0.266
1.514; 0.267
1.515; 0.267
1.516; 0.267
1.517; 0.268
1.518; 0.268
1.519; 0.269
1.520; 0.269
1.521; 0.270
1.522; 0.270
1.523; 0.271
1.524; 0.271
1.525; 0.271
1.526; 0.272
1.527; 0.272
1.528; 0.273
1.529; 0.273
1.530; 0.274
1.531; 0.274
1.532; 0.275
1.533; 0.275
1.534; 0.275
1.535; 0.276
1.536; 0.276
1.537; 0.277
1.538; 0.277
1.539; 0.278
1.540; 0.278
1.541; 0.279
1.542; 0.279
1.543; 0.279
1.544; 0.280
1.545; 0.280
1.546; 0.281
1.547; 0.281
1.548; 0.282
1.549; 0.282
1.550; 0.283
1.551; 0.283
1.552; 0.283
1.553; 0.284
1.554; 0.284
1.555; 0.285
1.556; 0.285
1.557; 0.286
1.558; 0.286
1.559; 0.287
1.560; 0.287
1.561; 0.288
1.562; 0.288
1.563; 0.288
1.564; 0.289
1.565; 0.289
1.566; 0.290
1.567; 0.290
1.568; 0.291
1.569; 0.291
1.570; 0.292
1.571; 0.292
1.572; 0.293
1.573; 0.293
1.574; 0.293
1.575; 0.294
1.576; 0.294
1.577; 0.295
1.578; 0.295
1.579; 0.296
1.580; 0.296
1.581; 0.297
1.582; 0.297
1.583; 0.298
1.584; 0.298
1.585; 0.298
1.586; 0.299
1.587; 0.299
1.588; 0.300
1.589; 0.300
1.590; 0.301
1.591; 0.301
1.592; 0.302
1.593; 0.302
1.594; 0.303
1.595; 0.303
1.596; 0.303
1.597; 0.304
1.598; 0.304
1.599; 0.305
1.600; 0.305
1.601; 0.306
1.602; 0.306
1.603; 0.307
1.604; 0.307
1.605; 0.308
1.606; 0.308
1.607; 0.309
1.608; 0.309
1.609; 0.309
1.610; 0.310
1.611; 0.310
1.612; 0.311
1.613; 0.311
1.614; 0.312
1.615; 0.312
1.616; 0.313
1.617; 0.313
1.618; 0.314
1.619; 0.314
1.620; 0.315
1.621; 0.315
1.622; 0.316
1.623; 0.316
1.624; 0.316
1.625; 0.317
1.626; 0.317
1.627; 0.318
1.628; 0.318
1.629; 0.319
1.630; 0.319
1.631; 0.320
1.632; 0.320
1.633; 0.321
1.634; 0.321
1.635; 0.322
1.636; 0.322
1.637; 0.322
1.638; 0.323
1.639; 0.323
1.640; 0.324
1.641; 0.324
1.642; 0.325
1.643; 0.325
1.644; 0.326
1.645; 0.326
1.646; 0.327
1.647; 0.327
1.648; 0.328
1.649; 0.328
1.650; 0.329
1.651; 0.329
1.652; 0.330
1.653; 0.330
1.654; 0.330
1.655; 0.331
1.656; 0.331
1.657; 0.332
1.658; 0.332
1.659; 0.333
1.660; 0.333
1.661; 0.334
1.662; 0.334
1.663; 0.335
1.664; 0.335
1.665; 0.336
1.666; 0.336
1.667; 0.337
1.668; 0.337
1.669; 0.338
1.670; 0.338
1.671; 0.338
1.672; 0.339
1.673; 0.339
1.674; 0.340
1.675; 0.340
1.676; 0.341
1.677; 0.341
1.678; 0.342
1.679; 0.342
1.680; 0.343
1.681; 0.343
1.682; 0.344
1.683; 0.344
1.684; 0.345
1.685; 0.345
1.686; 0.346
1.687; 0.346
1.688; 0.347
1.689; 0.347
1.690; 0.347
1.691; 0.348
1.692; 0.348
1.693; 0.349
1.694; 0.349
1.695; 0.350
1.696; 0.350
1.697; 0.351
1.698; 0.351
1.699; 0.352
1.700; 0.352
1.701; 0.353
1.702; 0.353
1.703; 0.354
1.704; 0.354
1.705; 0.355
1.706; 0.355
1.707; 0.356
1.708; 0.356
1.709; 0.357
1.710; 0.357
1.711; 0.358
1.712; 0.358
1.713; 0.358
1.714; 0.359
1.715; 0.359
1.716; 0.360
1.717; 0.360
1.718; 0.361
1.719; 0.361
1.720; 0.362
1.721; 0.362
1.722; 0.363
1.723; 0.363
1.724; 0.364
1.725; 0.364
1.726; 0.365
1.727; 0.365
1.728; 0.366
1.729; 0.366
1.730; 0.367
1.731; 0.367
1.732; 0.368
1.733; 0.368
1.734; 0.369
1.735; 0.369
1.736; 0.370
1.737; 0.370
1.738; 0.370
1.739; 0.371
1.740; 0.371
1.741; 0.372
1.742; 0.372
1.743; 0.373
1.744; 0.373
1.745; 0.374
1.746; 0.374
1.747; 0.375
1.748; 0.375
1.749; 0.376
1.750; 0.376
1.751; 0.377
1.752; 0.377
1.753; 0.378
1.754; 0.378
1.755; 0.379
1.756; 0.379
1.757; 0.380
1.758; 0.380
1.759; 0.381
1.760; 0.381
1.761; 0.382
1.762; 0.382
1.763; 0.383
1.764; 0.383
1.765; 0.384
1.766; 0.384
1.767; 0.385
1.768; 0.385
1.769; 0.386
1.770; 0.386
1.771; 0.387
1.772; 0.387
1.773; 0.387
1.774; 0.388
1.775; 0.388
1.776; 0.389
1.777; 0.389
1.778; 0.390
1.779; 0.390
1.780; 0.391
1.781; 0.391
1.782; 0.392
1.783; 0.392
1.784; 0.393
1.785; 0.393
1.786; 0.394
1.787; 0.394
1.788; 0.395
1.789; 0.395
1.790; 0.396
1.791; 0.396
1.792; 0.397
1.793; 0.397
1.794; 0.398
1.795; 0.398
1.796; 0.399
1.797; 0.399
1.798; 0.400
1.799; 0.400
1.800; 0.401
1.801; 0.401
1.802; 0.402
1.803; 0.402
1.804; 0.403
1.805; 0.403
1.806; 0.404
1.807; 0.404
1.808; 0.405
1.809; 0.405
1.810; 0.406
1.811; 0.406
1.812; 0.407
1.813; 0.407
1.814; 0.408
1.815; 0.408
1.816; 0.409
1.817; 0.409
1.818; 0.410
1.819; 0.410
1.820; 0.410
1.821; 0.411
1.822; 0.411
1.823; 0.412
1.824; 0.412
1.825; 0.413
1.826; 0.413
1.827; 0.414
1.828; 0.414
1.829; 0.415
1.830; 0.415
1.831; 0.416
1.832; 0.416
1.833; 0.417
1.834; 0.417
1.835; 0.418
1.836; 0.418
1.837; 0.419
1.838; 0.419
1.839; 0.420
1.840; 0.420
1.841; 0.421
1.842; 0.421
1.843; 0.422
1.844; 0.422
1.845; 0.423
1.846; 0.423
1.847; 0.424
1.848; 0.424
1.849; 0.425
1.850; 0.425
1.851; 0.426
1.852; 0.426
1.853; 0.427
1.854; 0.427
1.855; 0.428
1.856; 0.428
1.857; 0.429
1.858; 0.429
1.859; 0.430
1.860; 0.430
1.861; 0.431
1.862; 0.431
1.863; 0.432
1.864; 0.432
1.865; 0.433
1.866; 0.433
1.867; 0.434
1.868; 0.434
1.869; 0.435
1.870; 0.435
1.871; 0.436
1.872; 0.436
1.873; 0.437
1.874; 0.437
1.875; 0.438
1.876; 0.438
1.877; 0.439
1.878; 0.439
1.879; 0.440
1.880; 0.440
1.881; 0.441
1.882; 0.441
1.883; 0.442
1.884; 0.442
1.885; 0.443
1.886; 0.443
1.887; 0.444
1.888; 0.444
1.889; 0.445
1.890; 0.445
1.891; 0.446
1.892; 0.446
1.893; 0.447
1.894; 0.447
1.895; 0.448
1.896; 0.448
1.897; 0.449
1.898; 0.449
1.899; 0.450
1.900; 0.450
1.901; 0.451
1.902; 0.451
1.903; 0.452
1.904; 0.452
1.905; 0.453
1.906; 0.453
1.907; 0.454
1.908; 0.454
1.909; 0.455
1.910; 0.455
1.911; 0.456
1.912; 0.456
1.913; 0.457
1.914; 0.457
1.915; 0.458
1.916; 0.458
1.917; 0.459
1.918; 0.459
1.919; 0.460
1.920; 0.460
1.921; 0.461
1.922; 0.461
1.923; 0.462
1.924; 0.462
1.925; 0.463
1.926; 0.463
1.927; 0.464
1.928; 0.464
1.929; 0.465
1.930; 0.465
1.931; 0.466
1.932; 0.466
1.933; 0.467
1.934; 0.467
1.935; 0.468
1.936; 0.468
1.937; 0.469
1.938; 0.469
1.939; 0.470
1.940; 0.470
1.941; 0.471
1.942; 0.471
1.943; 0.472
1.944; 0.472
1.945; 0.473
1.946; 0.473
1.947; 0.474
1.948; 0.474
1.949; 0.475
1.950; 0.475
1.951; 0.476
1.952; 0.476
1.953; 0.477
1.954; 0.477
1.955; 0.478
1.956; 0.478
1.957; 0.479
1.958; 0.479
1.959; 0.480
1.960; 0.480
1.961; 0.481
1.962; 0.481
1.963; 0.482
1.964; 0.482
1.965; 0.483
1.966; 0.483
1.967; 0.484
1.968; 0.484
1.969; 0.485
1.970; 0.485
1.971; 0.486
1.972; 0.486
1.973; 0.487
1.974; 0.487
1.975; 0.488
1.976; 0.488
1.977; 0.489
1.978; 0.489
1.979; 0.490
1.980; 0.490
1.981; 0.491
1.982; 0.491
1.983; 0.492
1.984; 0.492
1.985; 0.493
1.986; 0.493
1.987; 0.494
1.988; 0.494
1.989; 0.494
1.990; 0.495
1.991; 0.496
1.992; 0.496
1.993; 0.496
1.994; 0.497
1.995; 0.497
1.996; 0.498
1.997; 0.499
1.998; 0.499
1.999; 0.499
2.000; 0.500
2.001; 0.501
2.002; 0.501
2.003; 0.501
2.004; 0.502
2.005; 0.502
2.006; 0.503
2.007; 0.503
2.008; 0.504
2.009; 0.504
2.010; 0.505
2.011; 0.505
2.012; 0.506
2.013; 0.506
2.014; 0.507
2.015; 0.507
2.016; 0.508
2.017; 0.508
2.018; 0.509
2.019; 0.509
2.020; 0.510
2.021; 0.510
2.022; 0.511
2.023; 0.511
2.024; 0.512
2.025; 0.512
2.026; 0.513
2.027; 0.513
2.028; 0.514
2.029; 0.514
2.030; 0.515
2.031; 0.515
2.032; 0.516
2.033; 0.516
2.034; 0.516
2.035; 0.517
2.036; 0.517
2.037; 0.518
2.038; 0.518
2.039; 0.519
2.040; 0.519
2.041; 0.520
2.042; 0.520
2.043; 0.521
2.044; 0.521
2.045; 0.522
2.046; 0.522
2.047; 0.522
2.048; 0.523
2.049; 0.523
2.050; 0.524
2.051; 0.524
2.052; 0.525
2.053; 0.525
2.054; 0.526
2.055; 0.526
2.056; 0.526
2.057; 0.527
2.058; 0.527
2.059; 0.528
2.060; 0.528
2.061; 0.529
2.062; 0.529
2.063; 0.530
2.064; 0.530
2.065; 0.530
2.066; 0.531
2.067; 0.531
2.068; 0.532
2.069; 0.532
2.070; 0.533
2.071; 0.533
2.072; 0.533
2.073; 0.534
2.074; 0.534
2.075; 0.535
2.076; 0.535
2.077; 0.536
2.078; 0.536
2.079; 0.536
2.080; 0.537
2.081; 0.537
2.082; 0.538
2.083; 0.538
2.084; 0.538
2.085; 0.539
2.086; 0.539
2.087; 0.540
2.088; 0.540
2.089; 0.541
2.090; 0.541
2.091; 0.541
2.092; 0.542
2.093; 0.542
2.094; 0.543
2.095; 0.543
2.096; 0.543
2.097; 0.544
2.098; 0.544
2.099; 0.545
2.100; 0.545
2.101; 0.545
2.102; 0.546
2.103; 0.546
2.104; 0.547
2.105; 0.547
2.106; 0.547
2.107; 0.548
2.108; 0.548
2.109; 0.549
2.110; 0.549
2.111; 0.549
2.112; 0.550
2.113; 0.550
2.114; 0.550
2.115; 0.551
2.116; 0.551
2.117; 0.552
2.118; 0.552
2.119; 0.552
2.120; 0.553
2.121; 0.553
2.122; 0.553
2.123; 0.554
2.124; 0.554
2.125; 0.555
2.126; 0.555
2.127; 0.555
2.128; 0.556
2.129; 0.556
2.130; 0.556
2.131; 0.557
2.132; 0.557
2.133; 0.558
2.134; 0.558
2.135; 0.558
2.136; 0.559
2.137; 0.559
2.138; 0.559
2.139; 0.560
2.140; 0.560
2.141; 0.560
2.142; 0.561
2.143; 0.561
2.144; 0.561
2.145; 0.562
2.146; 0.562
2.147; 0.563
2.148; 0.563
2.149; 0.563
2.150; 0.564
2.151; 0.564
2.152; 0.564
2.153; 0.565
2.154; 0.565
2.155; 0.565
2.156; 0.566
2.157; 0.566
2.158; 0.566
2.159; 0.567
2.160; 0.567
2.161; 0.567
2.162; 0.568
2.163; 0.568
2.164; 0.568
2.165; 0.569
2.166; 0.569
2.167; 0.569
2.168; 0.570
2.169; 0.570
2.170; 0.570
2.171; 0.571
2.172; 0.571
2.173; 0.571
2.174; 0.572
2.175; 0.572
2.176; 0.572
2.177; 0.572
2.178; 0.573
2.179; 0.573
2.180; 0.573
2.181; 0.574
2.182; 0.574
2.183; 0.574
2.184; 0.575
2.185; 0.575
2.186; 0.575
2.187; 0.576
2.188; 0.576
2.189; 0.576
2.190; 0.576
2.191; 0.577
2.192; 0.577
2.193; 0.577
2.194; 0.578
2.195; 0.578
2.196; 0.578
2.197; 0.579
2.198; 0.579
2.199; 0.579
2.200; 0.579
2.201; 0.580
2.202; 0.580
2.203; 0.580
2.204; 0.581
2.205; 0.581
2.206; 0.581
2.207; 0.581
2.208; 0.582
2.209; 0.582
2.210; 0.582
2.211; 0.583
2.212; 0.583
2.213; 0.583
2.214; 0.583
2.215; 0.584
2.216; 0.584
2.217; 0.584
2.218; 0.584
2.219; 0.585
2.220; 0.585
2.221; 0.585
2.222; 0.586
2.223; 0.586
2.224; 0.586
2.225; 0.586
2.226; 0.587
2.227; 0.587
2.228; 0.587
2.229; 0.587
2.230; 0.588
2.231; 0.588
2.232; 0.588
2.233; 0.588
2.234; 0.589
2.235; 0.589
2.236; 0.589
2.237; 0.589
2.238; 0.590
2.239; 0.590
2.240; 0.590
2.241; 0.590
2.242; 0.591
2.243; 0.591
2.244; 0.591
2.245; 0.591
2.246; 0.592
2.247; 0.592
2.248; 0.592
2.249; 0.592
2.250; 0.593
2.251; 0.593
2.252; 0.593
2.253; 0.593
2.254; 0.594
2.255; 0.594
2.256; 0.594
2.257; 0.594
2.258; 0.594
2.259; 0.595
2.260; 0.595
2.261; 0.595
2.262; 0.595
2.263; 0.596
2.264; 0.596
2.265; 0.596
2.266; 0.596
2.267; 0.596
2.268; 0.597
2.269; 0.597
2.270; 0.597
2.271; 0.597
2.272; 0.597
2.273; 0.598
2.274; 0.598
2.275; 0.598
2.276; 0.598
2.277; 0.599
2.278; 0.599
2.279; 0.599
2.280; 0.599
2.281; 0.599
2.282; 0.600
2.283; 0.600
2.284; 0.600
2.285; 0.600
2.286; 0.600
2.287; 0.600
2.288; 0.601
2.289; 0.601
2.290; 0.601
2.291; 0.601
2.292; 0.601
2.293; 0.602
2.294; 0.602
2.295; 0.602
2.296; 0.602
2.297; 0.602
2.298; 0.603
2.299; 0.603
2.300; 0.603
2.301; 0.603
2.302; 0.603
2.303; 0.603
2.304; 0.604
2.305; 0.604
2.306; 0.604
2.307; 0.604
2.308; 0.604
2.309; 0.604
2.310; 0.605
2.311; 0.605
2.312; 0.605
2.313; 0.605
2.314; 0.605
2.315; 0.605
2.316; 0.606
2.317; 0.606
2.318; 0.606
2.319; 0.606
2.320; 0.606
2.321; 0.606
2.322; 0.607
2.323; 0.607
2.324; 0.607
2.325; 0.607
2.326; 0.607
2.327; 0.607
2.328; 0.607
2.329; 0.608
2.330; 0.608
2.331; 0.608
2.332; 0.608
2.333; 0.608
2.334; 0.608
2.335; 0.608
2.336; 0.609
2.337; 0.609
2.338; 0.609
2.339; 0.609
2.340; 0.609
2.341; 0.609
2.342; 0.609
2.343; 0.609
2.344; 0.610
2.345; 0.610
2.346; 0.610
2.347; 0.610
2.348; 0.610
2.349; 0.610
2.350; 0.610
2.351; 0.610
2.352; 0.611
2.353; 0.611
2.354; 0.611
2.355; 0.611
2.356; 0.611
2.357; 0.611
2.358; 0.611
2.359; 0.611
2.360; 0.611
2.361; 0.612
2.362; 0.612
2.363; 0.612
2.364; 0.612
2.365; 0.612
2.366; 0.612
2.367; 0.612
2.368; 0.612
2.369; 0.612
2.370; 0.613
2.371; 0.613
2.372; 0.613
2.373; 0.613
2.374; 0.613
2.375; 0.613
2.376; 0.613
2.377; 0.613
2.378; 0.613
2.379; 0.613
2.380; 0.613
2.381; 0.614
2.382; 0.614
2.383; 0.614
2.384; 0.614
2.385; 0.614
2.386; 0.614
2.387; 0.614
2.388; 0.614
2.389; 0.614
2.390; 0.614
2.391; 0.614
2.392; 0.614
2.393; 0.614
2.394; 0.614
2.395; 0.615
2.396; 0.615
2.397; 0.615
2.398; 0.615
2.399; 0.615
2.400; 0.615
2.401; 0.615
2.402; 0.615
2.403; 0.615
2.404; 0.615
2.405; 0.615
2.406; 0.615
2.407; 0.615
2.408; 0.615
2.409; 0.615
2.410; 0.615
2.411; 0.615
2.412; 0.616
2.413; 0.616
2.414; 0.616
2.415; 0.616
2.416; 0.616
2.417; 0.616
2.418; 0.616
2.419; 0.616
2.420; 0.616
2.421; 0.616
2.422; 0.616
2.423; 0.616
2.424; 0.616
2.425; 0.616
2.426; 0.616
2.427; 0.616
2.428; 0.616
2.429; 0.616
2.430; 0.616
2.431; 0.616
2.432; 0.616
2.433; 0.616
2.434; 0.616
2.435; 0.616
2.436; 0.616
2.437; 0.616
2.438; 0.616
2.439; 0.616
2.440; 0.616
2.441; 0.616
2.442; 0.616
2.443; 0.616
2.444; 0.616
2.445; 0.616
2.446; 0.616
2.447; 0.616
2.448; 0.616
2.449; 0.616
2.450; 0.616
2.451; 0.616
2.452; 0.616
2.453; 0.616
2.454; 0.616
2.455; 0.616
2.456; 0.616
2.457; 0.616
2.458; 0.616
2.459; 0.616
2.460; 0.616
2.461; 0.616
2.462; 0.616
2.463; 0.616
2.464; 0.616
2.465; 0.616
2.466; 0.616
2.467; 0.616
2.468; 0.616
2.469; 0.616
2.470; 0.616
2.471; 0.616
2.472; 0.616
2.473; 0.616
2.474; 0.616
2.475; 0.616
2.476; 0.616
2.477; 0.616
2.478; 0.616
2.479; 0.616
2.480; 0.616
2.481; 0.616
2.482; 0.616
2.483; 0.616
2.484; 0.616
2.485; 0.616
2.486; 0.616
2.487; 0.616
2.488; 0.615
2.489; 0.615
2.490; 0.615
2.491; 0.615
2.492; 0.615
2.493; 0.615
2.494; 0.615
2.495; 0.615
2.496; 0.615
2.497; 0.615
2.498; 0.615
2.499; 0.615
2.500; 0.615
2.501; 0.615
2.502; 0.615
2.503; 0.615
2.504; 0.615
2.505; 0.615
2.506; 0.614
2.507; 0.614
2.508; 0.614
2.509; 0.614
2.510; 0.614
2.511; 0.614
2.512; 0.614
2.513; 0.614
2.514; 0.614
2.515; 0.614
2.516; 0.614
2.517; 0.614
2.518; 0.614
2.519; 0.613
2.520; 0.613
2.521; 0.613
2.522; 0.613
2.523; 0.613
2.524; 0.613
2.525; 0.613
2.526; 0.613
2.527; 0.613
2.528; 0.613
2.529; 0.613
2.530; 0.612
2.531; 0.612
2.532; 0.612
2.533; 0.612
2.534; 0.612
2.535; 0.612
2.536; 0.612
2.537; 0.612
2.538; 0.612
2.539; 0.611
2.540; 0.611
2.541; 0.611
2.542; 0.611
2.543; 0.611
2.544; 0.611
2.545; 0.611
2.546; 0.611
2.547; 0.611
2.548; 0.610
2.549; 0.610
2.550; 0.610
2.551; 0.610
2.552; 0.610
2.553; 0.610
2.554; 0.610
2.555; 0.610
2.556; 0.609
2.557; 0.609
2.558; 0.609
2.559; 0.609
2.560; 0.609
2.561; 0.609
2.562; 0.609
2.563; 0.608
2.564; 0.608
2.565; 0.608
2.566; 0.608
2.567; 0.608
2.568; 0.608
2.569; 0.608
2.570; 0.607
2.571; 0.607
2.572; 0.607
2.573; 0.607
2.574; 0.607
2.575; 0.607
2.576; 0.606
2.577; 0.606
2.578; 0.606
2.579; 0.606
2.580; 0.606
2.581; 0.606
2.582; 0.606
2.583; 0.605
2.584; 0.605
2.585; 0.605
2.586; 0.605
2.587; 0.605
2.588; 0.604
2.589; 0.604
2.590; 0.604
2.591; 0.604
2.592; 0.604
2.593; 0.604
2.594; 0.603
2.595; 0.603
2.596; 0.603
2.597; 0.603
2.598; 0.603
2.599; 0.602
2.600; 0.602
2.601; 0.602
2.602; 0.602
2.603; 0.602
2.604; 0.602
2.605; 0.601
2.606; 0.601
2.607; 0.601
2.608; 0.601
2.609; 0.601
2.610; 0.600
2.611; 0.600
2.612; 0.600
2.613; 0.600
2.614; 0.600
2.615; 0.599
2.616; 0.599
2.617; 0.599
2.618; 0.599
2.619; 0.598
2.620; 0.598
2.621; 0.598
2.622; 0.598
2.623; 0.598
2.624; 0.597
2.625; 0.597
2.626; 0.597
2.627; 0.597
2.628; 0.596
2.629; 0.596
2.630; 0.596
2.631; 0.596
2.632; 0.596
2.633; 0.595
2.634; 0.595
2.635; 0.595
2.636; 0.595
2.637; 0.594
2.638; 0.594
2.639; 0.594
2.640; 0.594
2.641; 0.593
2.642; 0.593
2.643; 0.593
2.644; 0.593
2.645; 0.592
2.646; 0.592
2.647; 0.592
2.648; 0.592
2.649; 0.591
2.650; 0.591
2.651; 0.591
2.652; 0.591
2.653; 0.590
2.654; 0.590
2.655; 0.590
2.656; 0.590
2.657; 0.589
2.658; 0.589
2.659; 0.589
2.660; 0.589
2.661; 0.588
2.662; 0.588
2.663; 0.588
2.664; 0.587
2.665; 0.587
2.666; 0.587
2.667; 0.587
2.668; 0.586
2.669; 0.586
2.670; 0.586
2.671; 0.586
2.672; 0.585
2.673; 0.585
2.674; 0.585
2.675; 0.584
2.676; 0.584
2.677; 0.584
2.678; 0.584
2.679; 0.583
2.680; 0.583
2.681; 0.583
2.682; 0.582
2.683; 0.582
2.684; 0.582
2.685; 0.581
2.686; 0.581
2.687; 0.581
2.688; 0.581
2.689; 0.580
2.690; 0.580
2.691; 0.580
2.692; 0.579
2.693; 0.579
2.694; 0.579
2.695; 0.578
2.696; 0.578
2.697; 0.578
2.698; 0.577
2.699; 0.577
2.700; 0.577
2.701; 0.576
2.702; 0.576
2.703; 0.576
2.704; 0.575
2.705; 0.575
2.706; 0.575
2.707; 0.574
2.708; 0.574
2.709; 0.574
2.710; 0.573
2.711; 0.573
2.712; 0.573
2.713; 0.572
2.714; 0.572
2.715; 0.572
2.716; 0.571
2.717; 0.571
2.718; 0.571
2.719; 0.570
2.720; 0.570
2.721; 0.570
2.722; 0.569
2.723; 0.569
2.724; 0.569
2.725; 0.568
2.726; 0.568
2.727; 0.568
2.728; 0.567
2.729; 0.567
2.730; 0.566
2.731; 0.566
2.732; 0.566
2.733; 0.565
2.734; 0.565
2.735; 0.565
2.736; 0.564
2.737; 0.564
2.738; 0.564
2.739; 0.563
2.740; 0.563
2.741; 0.562
2.742; 0.562
2.743; 0.562
2.744; 0.561
2.745; 0.561
2.746; 0.561
2.747; 0.560
2.748; 0.560
2.749; 0.559
2.750; 0.559
2.751; 0.559
2.752; 0.558
2.753; 0.558
2.754; 0.557
2.755; 0.557
2.756; 0.557
2.757; 0.556
2.758; 0.556
2.759; 0.555
2.760; 0.555
2.761; 0.555
2.762; 0.554
2.763; 0.554
2.764; 0.553
2.765; 0.553
2.766; 0.553
2.767; 0.552
2.768; 0.552
2.769; 0.551
2.770; 0.551
2.771; 0.550
2.772; 0.550
2.773; 0.550
2.774; 0.549
2.775; 0.549
2.776; 0.548
2.777; 0.548
2.778; 0.548
2.779; 0.547
2.780; 0.547
2.781; 0.546
2.782; 0.546
2.783; 0.545
2.784; 0.545
2.785; 0.544
2.786; 0.544
2.787; 0.544
2.788; 0.543
2.789; 0.543
2.790; 0.542
2.791; 0.542
2.792; 0.541
2.793; 0.541
2.794; 0.540
2.795; 0.540
2.796; 0.540
2.797; 0.539
2.798; 0.539
2.799; 0.538
2.800; 0.538
2.801; 0.537
2.802; 0.537
2.803; 0.536
2.804; 0.536
2.805; 0.535
2.806; 0.535
2.807; 0.534
2.808; 0.534
2.809; 0.534
2.810; 0.533
2.811; 0.533
2.812; 0.532
2.813; 0.532
2.814; 0.531
2.815; 0.531
2.816; 0.530
2.817; 0.530
2.818; 0.529
2.819; 0.529
2.820; 0.528
2.821; 0.528
2.822; 0.527
2.823; 0.527
2.824; 0.526
2.825; 0.526
2.826; 0.525
2.827; 0.525
2.828; 0.524
2.829; 0.524
2.830; 0.523
2.831; 0.523
2.832; 0.522
2.833; 0.522
2.834; 0.521
2.835; 0.521
2.836; 0.520
2.837; 0.520
2.838; 0.519
2.839; 0.519
2.840; 0.518
2.841; 0.518
2.842; 0.517
2.843; 0.517
2.844; 0.516
2.845; 0.516
2.846; 0.515
2.847; 0.515
2.848; 0.514
2.849; 0.514
2.850; 0.513
2.851; 0.512
2.852; 0.512
2.853; 0.511
2.854; 0.511
2.855; 0.510
2.856; 0.510
2.857; 0.509
2.858; 0.509
2.859; 0.508
2.860; 0.508
2.861; 0.507
2.862; 0.507
2.863; 0.506
2.864; 0.505
2.865; 0.505
2.866; 0.504
2.867; 0.504
2.868; 0.503
2.869; 0.503
2.870; 0.502
2.871; 0.502
2.872; 0.501
2.873; 0.500
2.874; 0.500
2.875; 0.499
2.876; 0.499
2.877; 0.498
2.878; 0.498
2.879; 0.497
2.880; 0.496
2.881; 0.496
2.882; 0.495
2.883; 0.495
2.884; 0.494
2.885; 0.494
2.886; 0.493
2.887; 0.492
2.888; 0.492
2.889; 0.491
2.890; 0.491
2.891; 0.490
2.892; 0.489
2.893; 0.489
2.894; 0.488
2.895; 0.488
2.896; 0.487
2.897; 0.486
2.898; 0.486
2.899; 0.485
2.900; 0.485
2.901; 0.484
2.902; 0.483
2.903; 0.483
2.904; 0.482
2.905; 0.482
2.906; 0.481
2.907; 0.480
2.908; 0.480
2.909; 0.479
2.910; 0.479
2.911; 0.478
2.912; 0.477
2.913; 0.477
2.914; 0.476
2.915; 0.476
2.916; 0.475
2.917; 0.474
2.918; 0.474
2.919; 0.473
2.920; 0.472
2.921; 0.472
2.922; 0.471
2.923; 0.470
2.924; 0.470
2.925; 0.469
2.926; 0.469
2.927; 0.468
2.928; 0.467
2.929; 0.467
2.930; 0.466
2.931; 0.465
2.932; 0.465
2.933; 0.464
2.934; 0.463
2.935; 0.463
2.936; 0.462
2.937; 0.461
2.938; 0.461
2.939; 0.460
2.940; 0.459
2.941; 0.459
2.942; 0.458
2.943; 0.457
2.944; 0.457
2.945; 0.456
2.946; 0.455
2.947; 0.455
2.948; 0.454
2.949; 0.453
2.950; 0.453
2.951; 0.452
2.952; 0.451
2.953; 0.451
2.954; 0.450
2.955; 0.449
2.956; 0.449
2.957; 0.448
2.958; 0.447
2.959; 0.447
2.960; 0.446
2.961; 0.445
2.962; 0.445
2.963; 0.444
2.964; 0.443
2.965; 0.442
2.966; 0.442
2.967; 0.441
2.968; 0.440
2.969; 0.440
2.970; 0.439
2.971; 0.438
2.972; 0.438
2.973; 0.437
2.974; 0.436
2.975; 0.435
2.976; 0.435
2.977; 0.434
2.978; 0.433
2.979; 0.433
2.980; 0.432
2.981; 0.431
2.982; 0.430
2.983; 0.430
2.984; 0.429
2.985; 0.428
2.986; 0.428
2.987; 0.427
2.988; 0.426
2.989; 0.425
2.990; 0.425
2.991; 0.424
2.992; 0.423
2.993; 0.422
2.994; 0.422
2.995; 0.421
2.996; 0.420
2.997; 0.419
2.998; 0.419
2.999; 0.418
3.000; 0.417
3.001; 0.416
3.002; 0.416
3.003; 0.415
3.004; 0.414
3.005; 0.413
3.006; 0.413
3.007; 0.412
3.008; 0.411
3.009; 0.410
3.010; 0.410
3.011; 0.409
3.012; 0.408
3.013; 0.407
3.014; 0.407
3.015; 0.406
3.016; 0.405
3.017; 0.404
3.018; 0.404
3.019; 0.403
3.020; 0.402
3.021; 0.402
3.022; 0.401
3.023; 0.400
3.024; 0.399
3.025; 0.399
3.026; 0.398
3.027; 0.397
3.028; 0.396
3.029; 0.396
3.030; 0.395
3.031; 0.394
3.032; 0.393
3.033; 0.393
3.034; 0.392
3.035; 0.391
3.036; 0.390
3.037; 0.390
3.038; 0.389
3.039; 0.388
3.040; 0.388
3.041; 0.387
3.042; 0.386
3.043; 0.385
3.044; 0.385
3.045; 0.384
3.046; 0.383
3.047; 0.382
3.048; 0.382
3.049; 0.381
3.050; 0.380
3.051; 0.380
3.052; 0.379
3.053; 0.378
3.054; 0.377
3.055; 0.377
3.056; 0.376
3.057; 0.375
3.058; 0.374
3.059; 0.374
3.060; 0.373
3.061; 0.372
3.062; 0.372
3.063; 0.371
3.064; 0.370
3.065; 0.369
3.066; 0.369
3.067; 0.368
3.068; 0.367
3.069; 0.367
3.070; 0.366
3.071; 0.365
3.072; 0.364
3.073; 0.364
3.074; 0.363
3.075; 0.362
3.076; 0.362
3.077; 0.361
3.078; 0.360
3.079; 0.359
3.080; 0.359
3.081; 0.358
3.082; 0.357
3.083; 0.357
3.084; 0.356
3.085; 0.355
3.086; 0.355
3.087; 0.354
3.088; 0.353
3.089; 0.352
3.090; 0.352
3.091; 0.351
3.092; 0.350
3.093; 0.350
3.094; 0.349
3.095; 0.348
3.096; 0.347
3.097; 0.347
3.098; 0.346
3.099; 0.345
3.100; 0.345
3.101; 0.344
3.102; 0.343
3.103; 0.343
3.104; 0.342
3.105; 0.341
3.106; 0.341
3.107; 0.340
3.108; 0.339
3.109; 0.338
3.110; 0.338
3.111; 0.337
3.112; 0.336
3.113; 0.336
3.114; 0.335
3.115; 0.334
3.116; 0.334
3.117; 0.333
3.118; 0.332
3.119; 0.332
3.120; 0.331
3.121; 0.330
3.122; 0.329
3.123; 0.329
3.124; 0.328
3.125; 0.327
3.126; 0.327
3.127; 0.326
3.128; 0.325
3.129; 0.325
3.130; 0.324
3.131; 0.323
3.132; 0.323
3.133; 0.322
3.134; 0.321
3.135; 0.321
3.136; 0.320
3.137; 0.319
3.138; 0.319
3.139; 0.318
3.140; 0.317
3.141; 0.317
3.142; 0.316
3.143; 0.315
3.144; 0.315
3.145; 0.314
3.146; 0.313
3.147; 0.313
3.148; 0.312
3.149; 0.311
3.150; 0.310
3.151; 0.310
3.152; 0.309
3.153; 0.308
3.154; 0.308
3.155; 0.307
3.156; 0.306
3.157; 0.306
3.158; 0.305
3.159; 0.304
3.160; 0.304
3.161; 0.303
3.162; 0.303
3.163; 0.302
3.164; 0.301
3.165; 0.301
3.166; 0.300
3.167; 0.299
3.168; 0.299
3.169; 0.298
3.170; 0.297
3.171; 0.297
3.172; 0.296
3.173; 0.295
3.174; 0.295
3.175; 0.294
3.176; 0.293
3.177; 0.293
3.178; 0.292
3.179; 0.291
3.180; 0.291
3.181; 0.290
3.182; 0.289
3.183; 0.289
3.184; 0.288
3.185; 0.287
3.186; 0.287
3.187; 0.286
3.188; 0.285
3.189; 0.285
3.190; 0.284
3.191; 0.284
3.192; 0.283
3.193; 0.282
3.194; 0.282
3.195; 0.281
3.196; 0.280
3.197; 0.280
3.198; 0.279
3.199; 0.278
3.200; 0.278
3.201; 0.277
3.202; 0.276
3.203; 0.276
3.204; 0.275
3.205; 0.275
3.206; 0.274
3.207; 0.273
3.208; 0.273
3.209; 0.272
3.210; 0.271
3.211; 0.271
3.212; 0.270
3.213; 0.269
3.214; 0.269
3.215; 0.268
3.216; 0.268
3.217; 0.267
3.218; 0.266
3.219; 0.266
3.220; 0.265
3.221; 0.264
3.222; 0.264
3.223; 0.263
3.224; 0.263
3.225; 0.262
3.226; 0.261
3.227; 0.261
3.228; 0.260
3.229; 0.259
3.230; 0.259
3.231; 0.258
3.232; 0.258
3.233; 0.257
3.234; 0.256
3.235; 0.256
3.236; 0.255
3.237; 0.254
3.238; 0.254
3.239; 0.253
3.240; 0.253
3.241; 0.252
3.242; 0.251
3.243; 0.251
3.244; 0.250
3.245; 0.250
3.246; 0.249
3.247; 0.248
3.248; 0.248
3.249; 0.247
3.250; 0.246
3.251; 0.246
3.252; 0.245
3.253; 0.245
3.254; 0.244
3.255; 0.243
3.256; 0.243
3.257; 0.242
3.258; 0.242
3.259; 0.241
3.260; 0.240
3.261; 0.240
3.262; 0.239
3.263; 0.239
3.264; 0.238
3.265; 0.237
3.266; 0.237
3.267; 0.236
3.268; 0.236
3.269; 0.235
3.270; 0.234
3.271; 0.234
3.272; 0.233
3.273; 0.233
3.274; 0.232
3.275; 0.231
3.276; 0.231
3.277; 0.230
3.278; 0.230
3.279; 0.229
3.280; 0.228
3.281; 0.228
3.282; 0.227
3.283; 0.227
3.284; 0.226
3.285; 0.226
3.286; 0.225
3.287; 0.224
3.288; 0.224
3.289; 0.223
3.290; 0.223
3.291; 0.222
3.292; 0.221
3.293; 0.221
3.294; 0.220
3.295; 0.220
3.296; 0.219
3.297; 0.219
3.298; 0.218
3.299; 0.217
3.300; 0.217
3.301; 0.216
3.302; 0.216
3.303; 0.215
3.304; 0.214
3.305; 0.214
3.306; 0.213
3.307; 0.213
3.308; 0.212
3.309; 0.212
3.310; 0.211
3.311; 0.210
3.312; 0.210
3.313; 0.209
3.314; 0.209
3.315; 0.208
3.316; 0.208
3.317; 0.207
3.318; 0.206
3.319; 0.206
3.320; 0.205
3.321; 0.205
3.322; 0.204
3.323; 0.204
3.324; 0.203
3.325; 0.203
3.326; 0.202
3.327; 0.201
3.328; 0.201
3.329; 0.200
3.330; 0.200
3.331; 0.199
3.332; 0.199
3.333; 0.198
3.334; 0.197
3.335; 0.197
3.336; 0.196
3.337; 0.196
3.338; 0.195
3.339; 0.195
3.340; 0.194
3.341; 0.194
3.342; 0.193
3.343; 0.193
3.344; 0.192
3.345; 0.191
3.346; 0.191
3.347; 0.190
3.348; 0.190
3.349; 0.189
3.350; 0.189
3.351; 0.188
3.352; 0.188
3.353; 0.187
3.354; 0.187
3.355; 0.186
3.356; 0.185
3.357; 0.185
3.358; 0.184
3.359; 0.184
3.360; 0.183
3.361; 0.183
3.362; 0.182
3.363; 0.182
3.364; 0.181
3.365; 0.181
3.366; 0.180
3.367; 0.180
3.368; 0.179
3.369; 0.178
3.370; 0.178
3.371; 0.177
3.372; 0.177
3.373; 0.176
3.374; 0.176
3.375; 0.175
3.376; 0.175
3.377; 0.174
3.378; 0.174
3.379; 0.173
3.380; 0.173
3.381; 0.172
3.382; 0.172
3.383; 0.171
3.384; 0.171
3.385; 0.170
3.386; 0.170
3.387; 0.169
3.388; 0.168
3.389; 0.168
3.390; 0.167
3.391; 0.167
3.392; 0.166
3.393; 0.166
3.394; 0.165
3.395; 0.165
3.396; 0.164
3.397; 0.164
3.398; 0.163
3.399; 0.163
3.400; 0.162
3.401; 0.162
3.402; 0.161
3.403; 0.161
3.404; 0.160
3.405; 0.160
3.406; 0.159
3.407; 0.159
3.408; 0.158
3.409; 0.158
3.410; 0.157
3.411; 0.157
3.412; 0.156
3.413; 0.156
3.414; 0.155
3.415; 0.155
3.416; 0.154
3.417; 0.154
3.418; 0.153
3.419; 0.153
3.420; 0.152
3.421; 0.152
3.422; 0.151
3.423; 0.151
3.424; 0.150
3.425; 0.150
3.426; 0.149
3.427; 0.149
3.428; 0.148
3.429; 0.148
3.430; 0.147
3.431; 0.147
3.432; 0.146
3.433; 0.146
3.434; 0.145
3.435; 0.145
3.436; 0.144
3.437; 0.144
3.438; 0.143
3.439; 0.143
3.440; 0.142
3.441; 0.142
3.442; 0.141
3.443; 0.141
3.444; 0.141
3.445; 0.140
3.446; 0.140
3.447; 0.139
3.448; 0.139
3.449; 0.138
3.450; 0.138
3.451; 0.137
3.452; 0.137
3.453; 0.136
3.454; 0.136
3.455; 0.135
3.456; 0.135
3.457; 0.134
3.458; 0.134
3.459; 0.133
3.460; 0.133
3.461; 0.132
3.462; 0.132
3.463; 0.132
3.464; 0.131
3.465; 0.131
3.466; 0.130
3.467; 0.130
3.468; 0.129
3.469; 0.129
3.470; 0.128
3.471; 0.128
3.472; 0.127
3.473; 0.127
3.474; 0.126
3.475; 0.126
3.476; 0.126
3.477; 0.125
3.478; 0.125
3.479; 0.124
3.480; 0.124
3.481; 0.123
3.482; 0.123
3.483; 0.122
3.484; 0.122
3.485; 0.121
3.486; 0.121
3.487; 0.121
3.488; 0.120
3.489; 0.120
3.490; 0.119
3.491; 0.119
3.492; 0.118
3.493; 0.118
3.494; 0.117
3.495; 0.117
3.496; 0.117
3.497; 0.116
3.498; 0.116
3.499; 0.115
3.500; 0.115
3.501; 0.114
3.502; 0.114
3.503; 0.114
3.504; 0.113
3.505; 0.113
3.506; 0.112
3.507; 0.112
3.508; 0.111
3.509; 0.111
3.510; 0.110
3.511; 0.110
3.512; 0.110
3.513; 0.109
3.514; 0.109
3.515; 0.108
3.516; 0.108
3.517; 0.107
3.518; 0.107
3.519; 0.107
3.520; 0.106
3.521; 0.106
3.522; 0.105
3.523; 0.105
3.524; 0.105
3.525; 0.104
3.526; 0.104
3.527; 0.103
3.528; 0.103
3.529; 0.102
3.530; 0.102
3.531; 0.102
3.532; 0.101
3.533; 0.101
3.534; 0.100
3.535; 0.100
3.536; 0.100
3.537; 0.099
3.538; 0.099
3.539; 0.098
3.540; 0.098
3.541; 0.098
3.542; 0.097
3.543; 0.097
3.544; 0.096
3.545; 0.096
3.546; 0.095
3.547; 0.095
3.548; 0.095
3.549; 0.094
3.550; 0.094
3.551; 0.093
3.552; 0.093
3.553; 0.093
3.554; 0.092
3.555; 0.092
3.556; 0.091
3.557; 0.091
3.558; 0.091
3.559; 0.090
3.560; 0.090
3.561; 0.090
3.562; 0.089
3.563; 0.089
3.564; 0.088
3.565; 0.088
3.566; 0.088
3.567; 0.087
3.568; 0.087
3.569; 0.086
3.570; 0.086
3.571; 0.086
3.572; 0.085
3.573; 0.085
3.574; 0.085
3.575; 0.084
3.576; 0.084
3.577; 0.083
3.578; 0.083
3.579; 0.083
3.580; 0.082
3.581; 0.082
3.582; 0.081
3.583; 0.081
3.584; 0.081
3.585; 0.080
3.586; 0.080
3.587; 0.080
3.588; 0.079
3.589; 0.079
3.590; 0.079
3.591; 0.078
3.592; 0.078
3.593; 0.077
3.594; 0.077
3.595; 0.077
3.596; 0.076
3.597; 0.076
3.598; 0.076
3.599; 0.075
3.600; 0.075
3.601; 0.075
3.602; 0.074
3.603; 0.074
3.604; 0.073
3.605; 0.073
3.606; 0.073
3.607; 0.072
3.608; 0.072
3.609; 0.072
3.610; 0.071
3.611; 0.071
3.612; 0.071
3.613; 0.070
3.614; 0.070
3.615; 0.070
3.616; 0.069
3.617; 0.069
3.618; 0.069
3.619; 0.068
3.620; 0.068
3.621; 0.067
3.622; 0.067
3.623; 0.067
3.624; 0.066
3.625; 0.066
3.626; 0.066
3.627; 0.065
3.628; 0.065
3.629; 0.065
3.630; 0.064
3.631; 0.064
3.632; 0.064
3.633; 0.063
3.634; 0.063
3.635; 0.063
3.636; 0.062
3.637; 0.062
3.638; 0.062
3.639; 0.061
3.640; 0.061
3.641; 0.061
3.642; 0.060
3.643; 0.060
3.644; 0.060
3.645; 0.059
3.646; 0.059
3.647; 0.059
3.648; 0.058
3.649; 0.058
3.650; 0.058
3.651; 0.058
3.652; 0.057
3.653; 0.057
3.654; 0.057
3.655; 0.056
3.656; 0.056
3.657; 0.056
3.658; 0.055
3.659; 0.055
3.660; 0.055
3.661; 0.054
3.662; 0.054
3.663; 0.054
3.664; 0.053
3.665; 0.053
3.666; 0.053
3.667; 0.053
3.668; 0.052
3.669; 0.052
3.670; 0.052
3.671; 0.051
3.672; 0.051
3.673; 0.051
3.674; 0.050
3.675; 0.050
3.676; 0.050
3.677; 0.050
3.678; 0.049
3.679; 0.049
3.680; 0.049
3.681; 0.048
3.682; 0.048
3.683; 0.048
3.684; 0.047
3.685; 0.047
3.686; 0.047
3.687; 0.047
3.688; 0.046
3.689; 0.046
3.690; 0.046
3.691; 0.045
3.692; 0.045
3.693; 0.045
3.694; 0.045
3.695; 0.044
3.696; 0.044
3.697; 0.044
3.698; 0.043
3.699; 0.043
3.700; 0.043
3.701; 0.043
3.702; 0.042
3.703; 0.042
3.704; 0.042
3.705; 0.042
3.706; 0.041
3.707; 0.041
3.708; 0.041
3.709; 0.040
3.710; 0.040
3.711; 0.040
3.712; 0.040
3.713; 0.039
3.714; 0.039
3.715; 0.039
3.716; 0.039
3.717; 0.038
3.718; 0.038
3.719; 0.038
3.720; 0.038
3.721; 0.037
3.722; 0.037
3.723; 0.037
3.724; 0.036
3.725; 0.036
3.726; 0.036
3.727; 0.036
3.728; 0.035
3.729; 0.035
3.730; 0.035
3.731; 0.035
3.732; 0.034
3.733; 0.034
3.734; 0.034
3.735; 0.034
3.736; 0.033
3.737; 0.033
3.738; 0.033
3.739; 0.033
3.740; 0.032
3.741; 0.032
3.742; 0.032
3.743; 0.032
3.744; 0.031
3.745; 0.031
3.746; 0.031
3.747; 0.031
3.748; 0.031
3.749; 0.030
3.750; 0.030
3.751; 0.030
3.752; 0.030
3.753; 0.029
3.754; 0.029
3.755; 0.029
3.756; 0.029
3.757; 0.028
3.758; 0.028
3.759; 0.028
3.760; 0.028
3.761; 0.028
3.762; 0.027
3.763; 0.027
3.764; 0.027
3.765; 0.027
3.766; 0.026
3.767; 0.026
3.768; 0.026
3.769; 0.026
3.770; 0.026
3.771; 0.025
3.772; 0.025
3.773; 0.025
3.774; 0.025
3.775; 0.024
3.776; 0.024
3.777; 0.024
3.778; 0.024
3.779; 0.024
3.780; 0.023
3.781; 0.023
3.782; 0.023
3.783; 0.023
3.784; 0.023
3.785; 0.022
3.786; 0.022
3.787; 0.022
3.788; 0.022
3.789; 0.022
3.790; 0.021
3.791; 0.021
3.792; 0.021
3.793; 0.021
3.794; 0.021
3.795; 0.020
3.796; 0.020
3.797; 0.020
3.798; 0.020
3.799; 0.020
3.800; 0.019
3.801; 0.019
3.802; 0.019
3.803; 0.019
3.804; 0.019
3.805; 0.018
3.806; 0.018
3.807; 0.018
3.808; 0.018
3.809; 0.018
3.810; 0.018
3.811; 0.017
3.812; 0.017
3.813; 0.017
3.814; 0.017
3.815; 0.017
3.816; 0.017
3.817; 0.016
3.818; 0.016
3.819; 0.016
3.820; 0.016
3.821; 0.016
3.822; 0.015
3.823; 0.015
3.824; 0.015
3.825; 0.015
3.826; 0.015
3.827; 0.015
3.828; 0.014
3.829; 0.014
3.830; 0.014
3.831; 0.014
3.832; 0.014
3.833; 0.014
3.834; 0.013
3.835; 0.013
3.836; 0.013
3.837; 0.013
3.838; 0.013
3.839; 0.013
3.840; 0.013
3.841; 0.012
3.842; 0.012
3.843; 0.012
3.844; 0.012
3.845; 0.012
3.846; 0.012
3.847; 0.011
3.848; 0.011
3.849; 0.011
3.850; 0.011
3.851; 0.011
3.852; 0.011
3.853; 0.011
3.854; 0.010
3.855; 0.010
3.856; 0.010
3.857; 0.010
3.858; 0.010
3.859; 0.010
3.860; 0.010
3.861; 0.010
3.862; 0.009
3.863; 0.009
3.864; 0.009
3.865; 0.009
3.866; 0.009
3.867; 0.009
3.868; 0.009
3.869; 0.008
3.870; 0.008
3.871; 0.008
3.872; 0.008
3.873; 0.008
3.874; 0.008
3.875; 0.008
3.876; 0.008
3.877; 0.007
3.878; 0.007
3.879; 0.007
3.880; 0.007
3.881; 0.007
3.882; 0.007
3.883; 0.007
3.884; 0.007
3.885; 0.007
3.886; 0.006
3.887; 0.006
3.888; 0.006
3.889; 0.006
3.890; 0.006
3.891; 0.006
3.892; 0.006
3.893; 0.006
3.894; 0.006
3.895; 0.005
3.896; 0.005
3.897; 0.005
3.898; 0.005
3.899; 0.005
3.900; 0.005
3.901; 0.005
3.902; 0.005
3.903; 0.005
3.904; 0.005
3.905; 0.004
3.906; 0.004
3.907; 0.004
3.908; 0.004
3.909; 0.004
3.910; 0.004
3.911; 0.004
3.912; 0.004
3.913; 0.004
3.914; 0.004
3.915; 0.004
3.916; 0.004
3.917; 0.003
3.918; 0.003
3.919; 0.003
3.920; 0.003
3.921; 0.003
3.922; 0.003
3.923; 0.003
3.924; 0.003
3.925; 0.003
3.926; 0.003
3.927; 0.003
3.928; 0.003
3.929; 0.003
3.930; 0.002
3.931; 0.002
3.932; 0.002
3.933; 0.002
3.934; 0.002
3.935; 0.002
3.936; 0.002
3.937; 0.002
3.938; 0.002
3.939; 0.002
3.940; 0.002
3.941; 0.002
3.942; 0.002
3.943; 0.002
3.944; 0.002
3.945; 0.002
3.946; 0.001
3.947; 0.001
3.948; 0.001
3.949; 0.001
3.950; 0.001
3.951; 0.001
3.952; 0.001
3.953; 0.001
3.954; 0.001
3.955; 0.001
3.956; 0.001
3.957; 0.001
3.958; 0.001
3.959; 0.001
3.960; 0.001
3.961; 0.001
3.962; 0.001
3.963; 0.001
3.964; 0.001
3.965; 0.001
3.966; 0.001
3.967; 0.001
3.968; 0.001
3.969; 0.000
3.970; 0.000
3.971; 0.000
3.972; 0.000
3.973; 0.000
3.974; 0.000
3.975; 0.000
3.976; 0.000
3.977; 0.000
3.978; 0.000
3.979; 0.000
3.980; 0.000
3.981; 0.000
3.982; 0.000
3.983; 0.000
3.984; 0.000
3.985; 0.000
3.986; 0.000
3.987; 0.000
3.988; 0.000
3.989; 0.000
3.990; 0.000
3.991; 0.000
3.992; 0.000
3.993; 0.000
3.994; 0.000
3.995; 0.000
3.996; 0.000
3.997; 0.000
3.998; 0.000
3.999; 0.000
4.000; 0.000
4.001; 0.000
4.002; 0.000
4.003; 0.000
4.004; 0.000
4.005; 0.000
4.006; 0.000
4.007; 0.000
4.008; 0.000
4.009; 0.000
4.010; 0.000
4.011; 0.000
4.012; 0.000
4.013; 0.000
4.014; 0.000
4.015; 0.000
4.016; 0.000
4.017; 0.000
4.018; 0.000
4.019; 0.000
4.020; 0.000
4.021; 0.000
4.022; 0.000
4.023; 0.000
4.024; 0.000
4.025; 0.000
4.026; 0.000
4.027; 0.000
4.028; 0.000
4.029; 0.000
4.030; 0.000
4.031; 0.000
4.032; 0.000
4.033; 0.000
4.034; 0.000
4.035; 0.000
4.036; 0.000
4.037; 0.000
4.038; 0.000
4.039; 0.000
4.040; 0.000
4.041; 0.000
4.042; 0.000
4.043; 0.000
4.044; 0.000
4.045; 0.000
4.046; 0.000
4.047; 0.000
4.048; 0.000
4.049; 0.000
4.050; 0.000
4.051; 0.000
4.052; 0.000
4.053; 0.000
4.054; 0.000
4.055; 0.000
4.056; 0.000
4.057; 0.000
4.058; 0.000
4.059; 0.000
4.060; 0.000
4.061; 0.000
4.062; 0.000
4.063; 0.000
4.064; 0.000
4.065; 0.000
4.066; 0.000
4.067; 0.000
4.068; 0.000
4.069; 0.000
4.070; 0.000
4.071; 0.000
4.072; 0.000
4.073; 0.000
4.074; 0.000
4.075; 0.000
4.076; 0.000
4.077; 0.000
4.078; 0.000
4.079; 0.000
4.080; 0.000
4.081; 0.000
4.082; 0.000
4.083; 0.000
4.084; 0.000
4.085; 0.000
4.086; 0.000
4.087; 0.000
4.088; 0.000
4.089; 0.000
4.090; 0.000
4.091; 0.000
4.092; 0.000
4.093; 0.000
4.094; 0.000
4.095; 0.000
4.096; 0.000
4.097; 0.000
4.098; 0.000
4.099; 0.000
4.100; 0.000
4.101; 0.000
4.102; 0.000
4.103; 0.000
4.104; 0.000
4.105; 0.000
4.106; 0.000
4.107; 0.000
4.108; 0.000
4.109; 0.000
4.110; 0.000
4.111; 0.000
4.112; 0.000
4.113; 0.000
4.114; 0.000
4.115; 0.000
4.116; 0.000
4.117; 0.000
4.118; 0.000
4.119; 0.000
4.120; 0.000
4.121; 0.000
4.122; 0.000
4.123; 0.000
4.124; 0.000
4.125; 0.000
4.126; 0.000
4.127; 0.000
4.128; 0.000
4.129; 0.000
4.130; 0.000
4.131; 0.000
4.132; 0.000
4.133; 0.000
4.134; 0.000
4.135; 0.000
4.136; 0.000
4.137; 0.000
4.138; 0.000
4.139; 0.000
4.140; 0.000
4.141; 0.000
4.142; 0.000
4.143; 0.000
4.144; 0.000
4.145; 0.000
4.146; 0.000
4.147; 0.000
4.148; 0.000
4.149; 0.000
4.150; 0.000
4.151; 0.000
4.152; 0.000
4.153; 0.000
4.154; 0.000
4.155; 0.000
4.156; 0.000
4.157; 0.000
4.158; 0.000
4.159; 0.000
4.160; 0.000
4.161; 0.000
4.162; 0.000
4.163; 0.000
4.164; 0.000
4.165; 0.000
4.166; 0.000
4.167; 0.000
4.168; 0.000
4.169; 0.000
4.170; 0.000
4.171; 0.000
4.172; 0.000
4.173; 0.000
4.174; 0.000
4.175; 0.000
4.176; 0.000
4.177; 0.000
4.178; 0.000
4.179; 0.000
4.180; 0.000
4.181; 0.000
4.182; 0.000
4.183; 0.000
4.184; 0.000
4.185; 0.000
4.186; 0.000
4.187; 0.000
4.188; 0.000
4.189; 0.000
4.190; 0.000
4.191; 0.000
4.192; 0.000
4.193; 0.000
4.194; 0.000
4.195; 0.000
4.196; 0.000
4.197; 0.000
4.198; 0.000
4.199; 0.000
4.200; 0.000
4.201; 0.000
4.202; 0.000
4.203; 0.000
4.204; 0.000
4.205; 0.000
4.206; 0.000
4.207; 0.000
4.208; 0.000
4.209; 0.000
4.210; 0.000
4.211; 0.000
4.212; 0.000
4.213; 0.000
4.214; 0.000
4.215; 0.000
4.216; 0.000
4.217; 0.000
4.218; 0.000
4.219; 0.000
4.220; 0.000
4.221; 0.000
4.222; 0.000
4.223; 0.000
4.224; 0.000
4.225; 0.000
4.226; 0.000
4.227; 0.000
4.228; 0.000
4.229; 0.000
4.230; 0.000
4.231; 0.000
4.232; 0.000
4.233; 0.000
4.234; 0.000
4.235; 0.000
4.236; 0.000
4.237; 0.000
4.238; 0.000
4.239; 0.000
4.240; 0.000
4.241; 0.000
4.242; 0.000
4.243; 0.000
4.244; 0.000
4.245; 0.000
4.246; 0.000
4.247; 0.000
4.248; 0.000
4.249; 0.000
4.250; 0.000
4.251; 0.000
4.252; 0.000
4.253; 0.000
4.254; 0.000
4.255; 0.000
4.256; 0.000
4.257; 0.000
4.258; 0.000
4.259; 0.000
4.260; 0.000
4.261; 0.000
4.262; 0.000
4.263; 0.000
4.264; 0.000
4.265; 0.000
4.266; 0.000
4.267; 0.000
4.268; 0.000
4.269; 0.000
4.270; 0.000
4.271; 0.000
4.272; 0.000
4.273; 0.000
4.274; 0.000
4.275; 0.000
4.276; 0.000
4.277; 0.000
4.278; 0.000
4.279; 0.000
4.280; 0.000
4.281; 0.000
4.282; 0.000
4.283; 0.000
4.284; 0.000
4.285; 0.000
4.286; 0.000
4.287; 0.000
4.288; 0.000
4.289; 0.000
4.290; 0.000
4.291; 0.000
4.292; 0.000
4.293; 0.000
4.294; 0.000
4.295; 0.000
4.296; 0.000
4.297; 0.000
4.298; 0.000
4.299; 0.000
4.300; 0.000
4.301; 0.000
4.302; 0.000
4.303; 0.000
4.304; 0.000
4.305; 0.000
4.306; 0.000
4.307; 0.000
4.308; 0.000
4.309; 0.000
4.310; 0.000
4.311; 0.000
4.312; 0.000
4.313; 0.000
4.314; 0.000
4.315; 0.000
4.316; 0.000
4.317; 0.000
4.318; 0.000
4.319; 0.000
4.320; 0.000
4.321; 0.000
4.322; 0.000
4.323; 0.000
4.324; 0.000
4.325; 0.000
4.326; 0.000
4.327; 0.000
4.328; 0.000
4.329; 0.000
4.330; 0.000
4.331; 0.000
4.332; 0.000
4.333; 0.000
4.334; 0.000
4.335; 0.000
4.336; 0.000
4.337; 0.000
4.338; 0.000
4.339; 0.000
4.340; 0.000
4.341; 0.000
4.342; 0.000
4.343; 0.000
4.344; 0.000
4.345; 0.000
4.346; 0.000
4.347; 0.000
4.348; 0.000
4.349; 0.000
4.350; 0.000
4.351; 0.000
4.352; 0.000
4.353; 0.000
4.354; 0.000
4.355; 0.000
4.356; 0.000
4.357; 0.000
4.358; 0.000
4.359; 0.000
4.360; 0.000
4.361; 0.000
4.362; 0.000
4.363; 0.000
4.364; 0.000
4.365; 0.000
4.366; 0.000
4.367; 0.000
4.368; 0.000
4.369; 0.000
4.370; 0.000
4.371; 0.000
4.372; 0.000
4.373; 0.000
4.374; 0.000
4.375; 0.000
4.376; 0.000
4.377; 0.000
4.378; 0.000
4.379; 0.000
4.380; 0.000
4.381; 0.000
4.382; 0.000
4.383; 0.000
4.384; 0.000
4.385; 0.000
4.386; 0.000
4.387; 0.000
4.388; 0.000
4.389; 0.000
4.390; 0.000
4.391; 0.000
4.392; 0.000
4.393; 0.000
4.394; 0.000
4.395; 0.000
4.396; 0.000
4.397; 0.000
4.398; 0.000
4.399; 0.000
4.400; 0.000
4.401; 0.000
4.402; 0.000
4.403; 0.000
4.404; 0.000
4.405; 0.000
4.406; 0.000
4.407; 0.000
4.408; 0.000
4.409; 0.000
4.410; 0.000
4.411; 0.000
4.412; 0.000
4.413; 0.000
4.414; 0.000
4.415; 0.000
4.416; 0.000
4.417; 0.000
4.418; 0.000
4.419; 0.000
4.420; 0.000
4.421; 0.000
4.422; 0.000
4.423; 0.000
4.424; 0.000
4.425; 0.000
4.426; 0.000
4.427; 0.000
4.428; 0.000
4.429; 0.000
4.430; 0.000
4.431; 0.000
4.432; 0.000
4.433; 0.000
4.434; 0.000
4.435; 0.000
4.436; 0.000
4.437; 0.000
4.438; 0.000
4.439; 0.000
4.440; 0.000
4.441; 0.000
4.442; 0.000
4.443; 0.000
4.444; 0.000
4.445; 0.000
4.446; 0.000
4.447; 0.000
4.448; 0.000
4.449; 0.000
4.450; 0.000
4.451; 0.000
4.452; 0.000
4.453; 0.000
4.454; 0.000
4.455; 0.000
4.456; 0.000
4.457; 0.000
4.458; 0.000
4.459; 0.000
4.460; 0.000
4.461; 0.000
4.462; 0.000
4.463; 0.000
4.464; 0.000
4.465; 0.000
4.466; 0.000
4.467; 0.000
4.468; 0.000
4.469; 0.000
4.470; 0.000
4.471; 0.000
4.472; 0.000
4.473; 0.000
4.474; 0.000
4.475; 0.000
4.476; 0.000
4.477; 0.000
4.478; 0.000
4.479; 0.000
4.480; 0.000
4.481; 0.000
4.482; 0.000
4.483; 0.000
4.484; 0.000
4.485; 0.000
4.486; 0.000
4.487; 0.000
4.488; 0.000
4.489; 0.000
4.490; 0.000
4.491; 0.000
4.492; 0.000
4.493; 0.000
4.494; 0.000
4.495; 0.000
4.496; 0.000
4.497; 0.000
4.498; 0.000
4.499; 0.000
4.500; 0.000
4.501; 0.000
4.502; 0.000
4.503; 0.000
4.504; 0.000
4.505; 0.000
4.506; 0.000
4.507; 0.000
4.508; 0.000
4.509; 0.000
4.510; 0.000
4.511; 0.000
4.512; 0.000
4.513; 0.000
4.514; 0.000
4.515; 0.000
4.516; 0.000
4.517; 0.000
4.518; 0.000
4.519; 0.000
4.520; 0.000
4.521; 0.000
4.522; 0.000
4.523; 0.000
4.524; 0.000
4.525; 0.000
4.526; 0.000
4.527; 0.000
4.528; 0.000
4.529; 0.000
4.530; 0.000
4.531; 0.000
4.532; 0.000
4.533; 0.000
4.534; 0.000
4.535; 0.000
4.536; 0.000
4.537; 0.000
4.538; 0.000
4.539; 0.000
4.540; 0.000
4.541; 0.000
4.542; 0.000
4.543; 0.000
4.544; 0.000
4.545; 0.000
4.546; 0.000
4.547; 0.000
4.548; 0.000
4.549; 0.000
4.550; 0.000
4.551; 0.000
4.552; 0.000
4.553; 0.000
4.554; 0.000
4.555; 0.000
4.556; 0.000
4.557; 0.000
4.558; 0.000
4.559; 0.000
4.560; 0.000
4.561; 0.000
4.562; 0.000
4.563; 0.000
4.564; 0.000
4.565; 0.000
4.566; 0.000
4.567; 0.000
4.568; 0.000
4.569; 0.000
4.570; 0.000
4.571; 0.000
4.572; 0.000
4.573; 0.000
4.574; 0.000
4.575; 0.000
4.576; 0.000
4.577; 0.000
4.578; 0.000
4.579; 0.000
4.580; 0.000
4.581; 0.000
4.582; 0.000
4.583; 0.000
4.584; 0.000
4.585; 0.000
4.586; 0.000
4.587; 0.000
4.588; 0.000
4.589; 0.000
4.590; 0.000
4.591; 0.000
4.592; 0.000
4.593; 0.000
4.594; 0.000
4.595; 0.000
4.596; 0.000
4.597; 0.000
4.598; 0.000
4.599; 0.000
4.600; 0.000
4.601; 0.000
4.602; 0.000
4.603; 0.000
4.604; 0.000
4.605; 0.000
4.606; 0.000
4.607; 0.000
4.608; 0.000
4.609; 0.000
4.610; 0.000
4.611; 0.000
4.612; 0.000
4.613; 0.000
4.614; 0.000
4.615; 0.000
4.616; 0.000
4.617; 0.000
4.618; 0.000
4.619; 0.000
4.620; 0.000
4.621; 0.000
4.622; 0.000
4.623; 0.000
4.624; 0.000
4.625; 0.000
4.626; 0.000
4.627; 0.000
4.628; 0.000
4.629; 0.000
4.630; 0.000
4.631; 0.000
4.632; 0.000
4.633; 0.000
4.634; 0.000
4.635; 0.000
4.636; 0.000
4.637; 0.000
4.638; 0.000
4.639; 0.000
4.640; 0.000
4.641; 0.000
4.642; 0.000
4.643; 0.000
4.644; 0.000
4.645; 0.000
4.646; 0.000
4.647; 0.000
4.648; 0.000
4.649; 0.000
4.650; 0.000
4.651; 0.000
4.652; 0.000
4.653; 0.000
4.654; 0.000
4.655; 0.000
4.656; 0.000
4.657; 0.000
4.658; 0.000
4.659; 0.000
4.660; 0.000
4.661; 0.000
4.662; 0.000
4.663; 0.000
4.664; 0.000
4.665; 0.000
4.666; 0.000
4.667; 0.000
4.668; 0.000
4.669; 0.000
4.670; 0.000
4.671; 0.000
4.672; 0.000
4.673; 0.000
4.674; 0.000
4.675; 0.000
4.676; 0.000
4.677; 0.000
4.678; 0.000
4.679; 0.000
4.680; 0.000
4.681; 0.000
4.682; 0.000
4.683; 0.000
4.684; 0.000
4.685; 0.000
4.686; 0.000
4.687; 0.000
4.688; 0.000
4.689; 0.000
4.690; 0.000
4.691; 0.000
4.692; 0.000
4.693; 0.000
4.694; 0.000
4.695; 0.000
4.696; 0.000
4.697; 0.000
4.698; 0.000
4.699; 0.000
4.700; 0.000
4.701; 0.000
4.702; 0.000
4.703; 0.000
4.704; 0.000
4.705; 0.000
4.706; 0.000
4.707; 0.000
4.708; 0.000
4.709; 0.000
4.710; 0.000
4.711; 0.000
4.712; 0.000
4.713; 0.000
4.714; 0.000
4.715; 0.000
4.716; 0.000
4.717; 0.000
4.718; 0.000
4.719; 0.000
4.720; 0.000
4.721; 0.000
4.722; 0.000
4.723; 0.000
4.724; 0.000
4.725; 0.000
4.726; 0.000
4.727; 0.000
4.728; 0.000
4.729; 0.000
4.730; 0.000
4.731; 0.000
4.732; 0.000
4.733; 0.000
4.734; 0.000
4.735; 0.000
4.736; 0.000
4.737; 0.000
4.738; 0.000
4.739; 0.000
4.740; 0.000
4.741; 0.000
4.742; 0.000
4.743; 0.000
4.744; 0.000
4.745; 0.000
4.746; 0.000
4.747; 0.000
4.748; 0.000
4.749; 0.000
4.750; 0.000
4.751; 0.000
4.752; 0.000
4.753; 0.000
4.754; 0.000
4.755; 0.000
4.756; 0.000
4.757; 0.000
4.758; 0.000
4.759; 0.000
4.760; 0.000
4.761; 0.000
4.762; 0.000
4.763; 0.000
4.764; 0.000
4.765; 0.000
4.766; 0.000
4.767; 0.000
4.768; 0.000
4.769; 0.000
4.770; 0.000
4.771; 0.000
4.772; 0.000
4.773; 0.000
4.774; 0.000
4.775; 0.000
4.776; 0.000
4.777; 0.000
4.778; 0.000
4.779; 0.000
4.780; 0.000
4.781; 0.000
4.782; 0.000
4.783; 0.000
4.784; 0.000
4.785; 0.000
4.786; 0.000
4.787; 0.000
4.788; 0.000
4.789; 0.000
4.790; 0.000
4.791; 0.000
4.792; 0.000
4.793; 0.000
4.794; 0.000
4.795; 0.000
4.796; 0.000
4.797; 0.000
4.798; 0.000
4.799; 0.000
4.800; 0.000
4.801; 0.000
4.802; 0.000
4.803; 0.000
4.804; 0.000
4.805; 0.000
4.806; 0.000
4.807; 0.000
4.808; 0.000
4.809; 0.000
4.810; 0.000
4.811; 0.000
4.812; 0.000
4.813; 0.000
4.814; 0.000
4.815; 0.000
4.816; 0.000
4.817; 0.000
4.818; 0.000
4.819; 0.000
4.820; 0.000
4.821; 0.000
4.822; 0.000
4.823; 0.000
4.824; 0.000
4.825; 0.000
4.826; 0.000
4.827; 0.000
4.828; 0.000
4.829; 0.000
4.830; 0.000
4.831; 0.000
4.832; 0.000
4.833; 0.000
4.834; 0.000
4.835; 0.000
4.836; 0.000
4.837; 0.000
4.838; 0.000
4.839; 0.000
4.840; 0.000
4.841; 0.000
4.842; 0.000
4.843; 0.000
4.844; 0.000
4.845; 0.000
4.846; 0.000
4.847; 0.000
4.848; 0.000
4.849; 0.000
4.850; 0.000
4.851; 0.000
4.852; 0.000
4.853; 0.000
4.854; 0.000
4.855; 0.000
4.856; 0.000
4.857; 0.000
4.858; 0.000
4.859; 0.000
4.860; 0.000
4.861; 0.000
4.862; 0.000
4.863; 0.000
4.864; 0.000
4.865; 0.000
4.866; 0.000
4.867; 0.000
4.868; 0.000
4.869; 0.000
4.870; 0.000
4.871; 0.000
4.872; 0.000
4.873; 0.000
4.874; 0.000
4.875; 0.000
4.876; 0.000
4.877; 0.000
4.878; 0.000
4.879; 0.000
4.880; 0.000
4.881; 0.000
4.882; 0.000
4.883; 0.000
4.884; 0.000
4.885; 0.000
4.886; 0.000
4.887; 0.000
4.888; 0.000
4.889; 0.000
4.890; 0.000
4.891; 0.000
4.892; 0.000
4.893; 0.000
4.894; 0.000
4.895; 0.000
4.896; 0.000
4.897; 0.000
4.898; 0.000
4.899; 0.000
4.900; 0.000
4.901; 0.000
4.902; 0.000
4.903; 0.000
4.904; 0.000
4.905; 0.000
4.906; 0.000
4.907; 0.000
4.908; 0.000
4.909; 0.000
4.910; 0.000
4.911; 0.000
4.912; 0.000
4.913; 0.000
4.914; 0.000
4.915; 0.000
4.916; 0.000
4.917; 0.000
4.918; 0.000
4.919; 0.000
4.920; 0.000
4.921; 0.000
4.922; 0.000
4.923; 0.000
4.924; 0.000
4.925; 0.000
4.926; 0.000
4.927; 0.000
4.928; 0.000
4.929; 0.000
4.930; 0.000
4.931; 0.000
4.932; 0.000
4.933; 0.000
4.934; 0.000
4.935; 0.000
4.936; 0.000
4.937; 0.000
4.938; 0.000
4.939; 0.000
4.940; 0.000
4.941; 0.000
4.942; 0.000
4.943; 0.000
4.944; 0.000
4.945; 0.000
4.946; 0.000
4.947; 0.000
4.948; 0.000
4.949; 0.000
4.950; 0.000
4.951; 0.000
4.952; 0.000
4.953; 0.000
4.954; 0.000
4.955; 0.000
4.956; 0.000
4.957; 0.000
4.958; 0.000
4.959; 0.000
4.960; 0.000
4.961; 0.000
4.962; 0.000
4.963; 0.000
4.964; 0.000
4.965; 0.000
4.966; 0.000
4.967; 0.000
4.968; 0.000
4.969; 0.000
4.970; 0.000
4.971; 0.000
4.972; 0.000
4.973; 0.000
4.974; 0.000
4.975; 0.000
4.976; 0.000
4.977; 0.000
4.978; 0.000
4.979; 0.000
4.980; 0.000
4.981; 0.000
4.982; 0.000
4.983; 0.000
4.984; 0.000
4.985; 0.000
4.986; 0.000
4.987; 0.000
4.988; 0.000
4.989; 0.000
4.990; 0.000
4.991; 0.000
4.992; 0.000
4.993; 0.000
4.994; 0.000
4.995; 0.000
4.996; 0.000
4.997; 0.000
4.998; 0.000
4.999; 0.000
5.000; 0.000
